finding_id,review_round,stage,reviewer,source,severity,file,status,resolution,evidence,owner,blocker_class
planning-pass/traceability/r1/01,r1,planning-pass,traceability,pre-commit staging (before 2758f4e5),HIGH,WAGGLE-MIGRATIONS-v1.2.md,primenjeno po izveštaju popravljača — pojedinačno nije ponovo provereno,izmena prema izveštaju popravljača; sadržaj nije pojedinačno ponovo proveren,all-fixer-reports.json › fix:WAGGLE-MIGRATIONS-v1.2.md:r1 (veza fajl + krug; izveštaji ne navode ID nalaza),planer (vlasnik paketa),neblokirajuće
planning-pass/traceability/r1/02,r1,planning-pass,traceability,pre-commit staging (before 2758f4e5),HIGH,Waggle_FRD_v1.2_DRAFT.md,primenjeno po izveštaju popravljača — pojedinačno nije ponovo provereno,izmena prema izveštaju popravljača; sadržaj nije pojedinačno ponovo proveren,all-fixer-reports.json › fix:Waggle_FRD_v1.2_DRAFT.md:r1 (veza fajl + krug; izveštaji ne navode ID nalaza),planer (vlasnik paketa),neblokirajuće
planning-pass/traceability/r1/03,r1,planning-pass,traceability,pre-commit staging (before 2758f4e5),MED,WAGGLE-DELIVERY-PLAN-v1.2.md,primenjeno po izveštaju popravljača — pojedinačno nije ponovo provereno,izmena prema izveštaju popravljača; sadržaj nije pojedinačno ponovo proveren,all-fixer-reports.json › fix:WAGGLE-DELIVERY-PLAN-v1.2.md:r1 (veza fajl + krug; izveštaji ne navode ID nalaza),planer (vlasnik paketa),neblokirajuće
planning-pass/traceability/r1/04,r1,planning-pass,traceability,pre-commit staging (before 2758f4e5),MED,Waggle_PRD_v1.2_DRAFT.md,primenjeno po izveštaju popravljača — pojedinačno nije ponovo provereno,izmena prema izveštaju popravljača; sadržaj nije pojedinačno ponovo proveren,all-fixer-reports.json › fix:Waggle_PRD_v1.2_DRAFT.md:r1 (veza fajl + krug; izveštaji ne navode ID nalaza),planer (vlasnik paketa),neblokirajuće
planning-pass/traceability/r1/05,r1,planning-pass,traceability,pre-commit staging (before 2758f4e5),MED,WAGGLE-DELIVERY-PLAN-v1.2.md,primenjeno po izveštaju popravljača — pojedinačno nije ponovo provereno,izmena prema izveštaju popravljača; sadržaj nije pojedinačno ponovo proveren,all-fixer-reports.json › fix:WAGGLE-DELIVERY-PLAN-v1.2.md:r1 (veza fajl + krug; izveštaji ne navode ID nalaza),planer (vlasnik paketa),neblokirajuće
planning-pass/traceability/r1/06,r1,planning-pass,traceability,pre-commit staging (before 2758f4e5),MED,WAGGLE-DELIVERY-PLAN-v1.2.md,primenjeno po izveštaju popravljača — pojedinačno nije ponovo provereno,izmena prema izveštaju popravljača; sadržaj nije pojedinačno ponovo proveren,all-fixer-reports.json › fix:WAGGLE-DELIVERY-PLAN-v1.2.md:r1 (veza fajl + krug; izveštaji ne navode ID nalaza),planer (vlasnik paketa),neblokirajuće
planning-pass/traceability/r1/07,r1,planning-pass,traceability,pre-commit staging (before 2758f4e5),MED,WAGGLE-AUDIT-DISPOSITION-v1.2.md,primenjeno po izveštaju popravljača — pojedinačno nije ponovo provereno,izmena prema izveštaju popravljača; sadržaj nije pojedinačno ponovo proveren,all-fixer-reports.json › fix:WAGGLE-AUDIT-DISPOSITION-v1.2.md:r1 (veza fajl + krug; izveštaji ne navode ID nalaza),planer (vlasnik paketa),neblokirajuće
planning-pass/traceability/r1/08,r1,planning-pass,traceability,pre-commit staging (before 2758f4e5),MED,WAGGLE-DELIVERY-PLAN-v1.2.md,primenjeno po izveštaju popravljača — pojedinačno nije ponovo provereno,izmena prema izveštaju popravljača; sadržaj nije pojedinačno ponovo proveren,all-fixer-reports.json › fix:WAGGLE-DELIVERY-PLAN-v1.2.md:r1 (veza fajl + krug; izveštaji ne navode ID nalaza),planer (vlasnik paketa),neblokirajuće
planning-pass/traceability/r1/09,r1,planning-pass,traceability,pre-commit staging (before 2758f4e5),MED,WAGGLE-AUDIT-DISPOSITION-v1.2.md,primenjeno po izveštaju popravljača — pojedinačno nije ponovo provereno,izmena prema izveštaju popravljača; sadržaj nije pojedinačno ponovo proveren,all-fixer-reports.json › fix:WAGGLE-AUDIT-DISPOSITION-v1.2.md:r1 (veza fajl + krug; izveštaji ne navode ID nalaza),planer (vlasnik paketa),neblokirajuće
planning-pass/traceability/r1/10,r1,planning-pass,traceability,pre-commit staging (before 2758f4e5),MED,WAGGLE-DELIVERY-PLAN-v1.2.md,primenjeno po izveštaju popravljača — pojedinačno nije ponovo provereno,izmena prema izveštaju popravljača; sadržaj nije pojedinačno ponovo proveren,all-fixer-reports.json › fix:WAGGLE-DELIVERY-PLAN-v1.2.md:r1 (veza fajl + krug; izveštaji ne navode ID nalaza),planer (vlasnik paketa),neblokirajuće
planning-pass/traceability/r1/11,r1,planning-pass,traceability,pre-commit staging (before 2758f4e5),MED,WAGGLE-AUDIT-DISPOSITION-v1.2.md,primenjeno po izveštaju popravljača — pojedinačno nije ponovo provereno,izmena prema izveštaju popravljača; sadržaj nije pojedinačno ponovo proveren,all-fixer-reports.json › fix:WAGGLE-AUDIT-DISPOSITION-v1.2.md:r1 (veza fajl + krug; izveštaji ne navode ID nalaza),planer (vlasnik paketa),neblokirajuće
planning-pass/traceability/r1/12,r1,planning-pass,traceability,pre-commit staging (before 2758f4e5),LOW,WAGGLE-AUDIT-DISPOSITION-v1.2.md,primenjeno po izveštaju popravljača — pojedinačno nije ponovo provereno,izmena prema izveštaju popravljača; sadržaj nije pojedinačno ponovo proveren,all-fixer-reports.json › fix:WAGGLE-AUDIT-DISPOSITION-v1.2.md:r1 (veza fajl + krug; izveštaji ne navode ID nalaza),planer (vlasnik paketa),neblokirajuće
planning-pass/traceability/r1/13,r1,planning-pass,traceability,pre-commit staging (before 2758f4e5),LOW,Waggle_FRD_v1.2_DRAFT.md,primenjeno po izveštaju popravljača — pojedinačno nije ponovo provereno,izmena prema izveštaju popravljača; sadržaj nije pojedinačno ponovo proveren,all-fixer-reports.json › fix:Waggle_FRD_v1.2_DRAFT.md:r1 (veza fajl + krug; izveštaji ne navode ID nalaza),planer (vlasnik paketa),neblokirajuće
planning-pass/traceability/r1/14,r1,planning-pass,traceability,pre-commit staging (before 2758f4e5),LOW,Waggle_FRD_v1.2_DRAFT.md,primenjeno po izveštaju popravljača — pojedinačno nije ponovo provereno,izmena prema izveštaju popravljača; sadržaj nije pojedinačno ponovo proveren,all-fixer-reports.json › fix:Waggle_FRD_v1.2_DRAFT.md:r1 (veza fajl + krug; izveštaji ne navode ID nalaza),planer (vlasnik paketa),neblokirajuće
planning-pass/estimates/r1/01,r1,planning-pass,estimates,pre-commit staging (before 2758f4e5),MED,WAGGLE-DELIVERY-PLAN-v1.2.md,primenjeno po izveštaju popravljača — pojedinačno nije ponovo provereno,izmena prema izveštaju popravljača; sadržaj nije pojedinačno ponovo proveren,all-fixer-reports.json › fix:WAGGLE-DELIVERY-PLAN-v1.2.md:r1 (veza fajl + krug; izveštaji ne navode ID nalaza),planer (vlasnik paketa),neblokirajuće
planning-pass/estimates/r1/02,r1,planning-pass,estimates,pre-commit staging (before 2758f4e5),MED,WAGGLE-DELIVERY-PLAN-v1.2.md,primenjeno po izveštaju popravljača — pojedinačno nije ponovo provereno,izmena prema izveštaju popravljača; sadržaj nije pojedinačno ponovo proveren,all-fixer-reports.json › fix:WAGGLE-DELIVERY-PLAN-v1.2.md:r1 (veza fajl + krug; izveštaji ne navode ID nalaza),planer (vlasnik paketa),neblokirajuće
planning-pass/estimates/r1/03,r1,planning-pass,estimates,pre-commit staging (before 2758f4e5),MED,WAGGLE-DELIVERY-PLAN-v1.2.md,primenjeno po izveštaju popravljača — pojedinačno nije ponovo provereno,izmena prema izveštaju popravljača; sadržaj nije pojedinačno ponovo proveren,all-fixer-reports.json › fix:WAGGLE-DELIVERY-PLAN-v1.2.md:r1 (veza fajl + krug; izveštaji ne navode ID nalaza),planer (vlasnik paketa),neblokirajuće
planning-pass/estimates/r1/04,r1,planning-pass,estimates,pre-commit staging (before 2758f4e5),MED,WAGGLE-DELIVERY-PLAN-v1.2.md,primenjeno po izveštaju popravljača — pojedinačno nije ponovo provereno,izmena prema izveštaju popravljača; sadržaj nije pojedinačno ponovo proveren,all-fixer-reports.json › fix:WAGGLE-DELIVERY-PLAN-v1.2.md:r1 (veza fajl + krug; izveštaji ne navode ID nalaza),planer (vlasnik paketa),neblokirajuće
planning-pass/estimates/r1/05,r1,planning-pass,estimates,pre-commit staging (before 2758f4e5),MED,WAGGLE-DELIVERY-PLAN-v1.2.md,primenjeno po izveštaju popravljača — pojedinačno nije ponovo provereno,izmena prema izveštaju popravljača; sadržaj nije pojedinačno ponovo proveren,all-fixer-reports.json › fix:WAGGLE-DELIVERY-PLAN-v1.2.md:r1 (veza fajl + krug; izveštaji ne navode ID nalaza),planer (vlasnik paketa),neblokirajuće
planning-pass/estimates/r1/06,r1,planning-pass,estimates,pre-commit staging (before 2758f4e5),MED,WAGGLE-DELIVERY-PLAN-v1.2.md,primenjeno po izveštaju popravljača — pojedinačno nije ponovo provereno,izmena prema izveštaju popravljača; sadržaj nije pojedinačno ponovo proveren,all-fixer-reports.json › fix:WAGGLE-DELIVERY-PLAN-v1.2.md:r1 (veza fajl + krug; izveštaji ne navode ID nalaza),planer (vlasnik paketa),neblokirajuće
planning-pass/estimates/r1/07,r1,planning-pass,estimates,pre-commit staging (before 2758f4e5),MED,WAGGLE-DELIVERY-PLAN-v1.2.md,primenjeno po izveštaju popravljača — pojedinačno nije ponovo provereno,izmena prema izveštaju popravljača; sadržaj nije pojedinačno ponovo proveren,all-fixer-reports.json › fix:WAGGLE-DELIVERY-PLAN-v1.2.md:r1 (veza fajl + krug; izveštaji ne navode ID nalaza),planer (vlasnik paketa),neblokirajuće
planning-pass/estimates/r1/08,r1,planning-pass,estimates,pre-commit staging (before 2758f4e5),MED,WAGGLE-BENCHMARK-PROTOCOL-DRAFT.md,primenjeno po izveštaju popravljača — pojedinačno nije ponovo provereno,izmena prema izveštaju popravljača; sadržaj nije pojedinačno ponovo proveren,all-fixer-reports.json › fix:WAGGLE-BENCHMARK-PROTOCOL-DRAFT.md:r1 (veza fajl + krug; izveštaji ne navode ID nalaza),planer (vlasnik paketa),neblokirajuće
planning-pass/estimates/r1/09,r1,planning-pass,estimates,pre-commit staging (before 2758f4e5),LOW,WAGGLE-DELIVERY-PLAN-v1.2.md,primenjeno po izveštaju popravljača — pojedinačno nije ponovo provereno,izmena prema izveštaju popravljača; sadržaj nije pojedinačno ponovo proveren,all-fixer-reports.json › fix:WAGGLE-DELIVERY-PLAN-v1.2.md:r1 (veza fajl + krug; izveštaji ne navode ID nalaza),planer (vlasnik paketa),neblokirajuće
planning-pass/estimates/r1/10,r1,planning-pass,estimates,pre-commit staging (before 2758f4e5),LOW,WAGGLE-DELIVERY-PLAN-v1.2.md,primenjeno po izveštaju popravljača — pojedinačno nije ponovo provereno,izmena prema izveštaju popravljača; sadržaj nije pojedinačno ponovo proveren,all-fixer-reports.json › fix:WAGGLE-DELIVERY-PLAN-v1.2.md:r1 (veza fajl + krug; izveštaji ne navode ID nalaza),planer (vlasnik paketa),neblokirajuće
planning-pass/estimates/r1/11,r1,planning-pass,estimates,pre-commit staging (before 2758f4e5),LOW,WAGGLE-DELIVERY-PLAN-v1.2.md,primenjeno po izveštaju popravljača — pojedinačno nije ponovo provereno,izmena prema izveštaju popravljača; sadržaj nije pojedinačno ponovo proveren,all-fixer-reports.json › fix:WAGGLE-DELIVERY-PLAN-v1.2.md:r1 (veza fajl + krug; izveštaji ne navode ID nalaza),planer (vlasnik paketa),neblokirajuće
planning-pass/estimates/r1/12,r1,planning-pass,estimates,pre-commit staging (before 2758f4e5),LOW,WAGGLE-DELIVERY-PLAN-v1.2.md,primenjeno po izveštaju popravljača — pojedinačno nije ponovo provereno,izmena prema izveštaju popravljača; sadržaj nije pojedinačno ponovo proveren,all-fixer-reports.json › fix:WAGGLE-DELIVERY-PLAN-v1.2.md:r1 (veza fajl + krug; izveštaji ne navode ID nalaza),planer (vlasnik paketa),neblokirajuće
planning-pass/estimates/r1/13,r1,planning-pass,estimates,pre-commit staging (before 2758f4e5),LOW,WAGGLE-DELIVERY-PLAN-v1.2.md,primenjeno po izveštaju popravljača — pojedinačno nije ponovo provereno,izmena prema izveštaju popravljača; sadržaj nije pojedinačno ponovo proveren,all-fixer-reports.json › fix:WAGGLE-DELIVERY-PLAN-v1.2.md:r1 (veza fajl + krug; izveštaji ne navode ID nalaza),planer (vlasnik paketa),neblokirajuće
planning-pass/facts/r1/01,r1,planning-pass,facts,pre-commit staging (before 2758f4e5),HIGH,WAGGLE-MIGRATIONS-v1.2.md,primenjeno po izveštaju popravljača — pojedinačno nije ponovo provereno,izmena prema izveštaju popravljača; sadržaj nije pojedinačno ponovo proveren,all-fixer-reports.json › fix:WAGGLE-MIGRATIONS-v1.2.md:r1 (veza fajl + krug; izveštaji ne navode ID nalaza),planer (vlasnik paketa),neblokirajuće
planning-pass/facts/r1/02,r1,planning-pass,facts,pre-commit staging (before 2758f4e5),MED,Waggle_PRD_v1.2_DRAFT.md,primenjeno po izveštaju popravljača — pojedinačno nije ponovo provereno,izmena prema izveštaju popravljača; sadržaj nije pojedinačno ponovo proveren,all-fixer-reports.json › fix:Waggle_PRD_v1.2_DRAFT.md:r1 (veza fajl + krug; izveštaji ne navode ID nalaza),planer (vlasnik paketa),neblokirajuće
planning-pass/facts/r1/03,r1,planning-pass,facts,pre-commit staging (before 2758f4e5),MED,2026-09-27-ADR-04-inline-capability-oauth.md,primenjeno po izveštaju popravljača — pojedinačno nije ponovo provereno,izmena prema izveštaju popravljača; sadržaj nije pojedinačno ponovo proveren,all-fixer-reports.json › fix:2026-09-27-ADR-04-inline-capability-oauth.md:r1 (veza fajl + krug; izveštaji ne navode ID nalaza),planer (vlasnik paketa),neblokirajuće
planning-pass/facts/r1/04,r1,planning-pass,facts,pre-commit staging (before 2758f4e5),MED,Waggle_PRD_v1.2_DRAFT.md,primenjeno po izveštaju popravljača — pojedinačno nije ponovo provereno,izmena prema izveštaju popravljača; sadržaj nije pojedinačno ponovo proveren,all-fixer-reports.json › fix:Waggle_PRD_v1.2_DRAFT.md:r1 (veza fajl + krug; izveštaji ne navode ID nalaza),planer (vlasnik paketa),neblokirajuće
planning-pass/facts/r1/05,r1,planning-pass,facts,pre-commit staging (before 2758f4e5),MED,Waggle_PRD_v1.2_DRAFT.md,primenjeno po izveštaju popravljača — pojedinačno nije ponovo provereno,izmena prema izveštaju popravljača; sadržaj nije pojedinačno ponovo proveren,all-fixer-reports.json › fix:Waggle_PRD_v1.2_DRAFT.md:r1 (veza fajl + krug; izveštaji ne navode ID nalaza),planer (vlasnik paketa),neblokirajuće
planning-pass/facts/r1/06,r1,planning-pass,facts,pre-commit staging (before 2758f4e5),MED,2026-09-27-ADR-10-release-privacy-profiles.md,primenjeno po izveštaju popravljača — pojedinačno nije ponovo provereno,izmena prema izveštaju popravljača; sadržaj nije pojedinačno ponovo proveren,all-fixer-reports.json › fix:2026-09-27-ADR-10-release-privacy-profiles.md:r1 (veza fajl + krug; izveštaji ne navode ID nalaza),planer (vlasnik paketa),neblokirajuće
planning-pass/facts/r1/07,r1,planning-pass,facts,pre-commit staging (before 2758f4e5),LOW,2026-09-27-ADR-10-release-privacy-profiles.md,primenjeno po izveštaju popravljača — pojedinačno nije ponovo provereno,izmena prema izveštaju popravljača; sadržaj nije pojedinačno ponovo proveren,all-fixer-reports.json › fix:2026-09-27-ADR-10-release-privacy-profiles.md:r1 (veza fajl + krug; izveštaji ne navode ID nalaza),planer (vlasnik paketa),neblokirajuće
planning-pass/facts/r1/08,r1,planning-pass,facts,pre-commit staging (before 2758f4e5),LOW,Waggle_PRD_v1.2_DRAFT.md,primenjeno po izveštaju popravljača — pojedinačno nije ponovo provereno,izmena prema izveštaju popravljača; sadržaj nije pojedinačno ponovo proveren,all-fixer-reports.json › fix:Waggle_PRD_v1.2_DRAFT.md:r1 (veza fajl + krug; izveštaji ne navode ID nalaza),planer (vlasnik paketa),neblokirajuće
planning-pass/facts/r1/09,r1,planning-pass,facts,pre-commit staging (before 2758f4e5),LOW,Waggle_PRD_v1.2_DRAFT.md,primenjeno po izveštaju popravljača — pojedinačno nije ponovo provereno,izmena prema izveštaju popravljača; sadržaj nije pojedinačno ponovo proveren,all-fixer-reports.json › fix:Waggle_PRD_v1.2_DRAFT.md:r1 (veza fajl + krug; izveštaji ne navode ID nalaza),planer (vlasnik paketa),neblokirajuće
planning-pass/facts/r1/10,r1,planning-pass,facts,pre-commit staging (before 2758f4e5),LOW,WAGGLE-DELIVERY-PLAN-v1.2.md,primenjeno po izveštaju popravljača — pojedinačno nije ponovo provereno,izmena prema izveštaju popravljača; sadržaj nije pojedinačno ponovo proveren,all-fixer-reports.json › fix:WAGGLE-DELIVERY-PLAN-v1.2.md:r1 (veza fajl + krug; izveštaji ne navode ID nalaza),planer (vlasnik paketa),neblokirajuće
planning-pass/facts/r1/11,r1,planning-pass,facts,pre-commit staging (before 2758f4e5),LOW,ADR-INDEX.md,primenjeno po izveštaju popravljača — pojedinačno nije ponovo provereno,izmena prema izveštaju popravljača; sadržaj nije pojedinačno ponovo proveren,all-fixer-reports.json › fix:ADR-INDEX.md:r1 (veza fajl + krug; izveštaji ne navode ID nalaza),planer (vlasnik paketa),neblokirajuće
planning-pass/checklist/r1/01,r1,planning-pass,checklist,pre-commit staging (before 2758f4e5),MED,WAGGLE-DELIVERY-PLAN-v1.2.md,primenjeno po izveštaju popravljača — pojedinačno nije ponovo provereno,izmena prema izveštaju popravljača; sadržaj nije pojedinačno ponovo proveren,all-fixer-reports.json › fix:WAGGLE-DELIVERY-PLAN-v1.2.md:r1 (veza fajl + krug; izveštaji ne navode ID nalaza),planer (vlasnik paketa),neblokirajuće
planning-pass/checklist/r1/02,r1,planning-pass,checklist,pre-commit staging (before 2758f4e5),MED,WAGGLE-AUDIT-DISPOSITION-v1.2.md,primenjeno po izveštaju popravljača — pojedinačno nije ponovo provereno,izmena prema izveštaju popravljača; sadržaj nije pojedinačno ponovo proveren,all-fixer-reports.json › fix:WAGGLE-AUDIT-DISPOSITION-v1.2.md:r1 (veza fajl + krug; izveštaji ne navode ID nalaza),planer (vlasnik paketa),neblokirajuće
planning-pass/checklist/r1/03,r1,planning-pass,checklist,pre-commit staging (before 2758f4e5),MED,Waggle_PRD_v1.2_DRAFT.md,primenjeno po izveštaju popravljača — pojedinačno nije ponovo provereno,izmena prema izveštaju popravljača; sadržaj nije pojedinačno ponovo proveren,all-fixer-reports.json › fix:Waggle_PRD_v1.2_DRAFT.md:r1 (veza fajl + krug; izveštaji ne navode ID nalaza),planer (vlasnik paketa),neblokirajuće
planning-pass/checklist/r1/04,r1,planning-pass,checklist,pre-commit staging (before 2758f4e5),MED,Waggle_FRD_v1.2_DRAFT.md,primenjeno po izveštaju popravljača — pojedinačno nije ponovo provereno,izmena prema izveštaju popravljača; sadržaj nije pojedinačno ponovo proveren,all-fixer-reports.json › fix:Waggle_FRD_v1.2_DRAFT.md:r1 (veza fajl + krug; izveštaji ne navode ID nalaza),planer (vlasnik paketa),neblokirajuće
planning-pass/checklist/r1/05,r1,planning-pass,checklist,pre-commit staging (before 2758f4e5),MED,WAGGLE-MIGRATIONS-v1.2.md,primenjeno po izveštaju popravljača — pojedinačno nije ponovo provereno,izmena prema izveštaju popravljača; sadržaj nije pojedinačno ponovo proveren,all-fixer-reports.json › fix:WAGGLE-MIGRATIONS-v1.2.md:r1 (veza fajl + krug; izveštaji ne navode ID nalaza),planer (vlasnik paketa),neblokirajuće
planning-pass/checklist/r1/06,r1,planning-pass,checklist,pre-commit staging (before 2758f4e5),MED,WAGGLE-DELIVERY-PLAN-v1.2.md,primenjeno po izveštaju popravljača — pojedinačno nije ponovo provereno,izmena prema izveštaju popravljača; sadržaj nije pojedinačno ponovo proveren,all-fixer-reports.json › fix:WAGGLE-DELIVERY-PLAN-v1.2.md:r1 (veza fajl + krug; izveštaji ne navode ID nalaza),planer (vlasnik paketa),neblokirajuće
planning-pass/checklist/r1/07,r1,planning-pass,checklist,pre-commit staging (before 2758f4e5),MED,WAGGLE-DELIVERY-PLAN-v1.2.md,primenjeno po izveštaju popravljača — pojedinačno nije ponovo provereno,izmena prema izveštaju popravljača; sadržaj nije pojedinačno ponovo proveren,all-fixer-reports.json › fix:WAGGLE-DELIVERY-PLAN-v1.2.md:r1 (veza fajl + krug; izveštaji ne navode ID nalaza),planer (vlasnik paketa),neblokirajuće
planning-pass/checklist/r1/08,r1,planning-pass,checklist,pre-commit staging (before 2758f4e5),LOW,SAFE-IMPLEMENTATION-CHECKLIST.md,primenjeno po izveštaju popravljača — pojedinačno nije ponovo provereno,izmena prema izveštaju popravljača; sadržaj nije pojedinačno ponovo proveren,all-fixer-reports.json › fix:SAFE-IMPLEMENTATION-CHECKLIST.md:r1 (veza fajl + krug; izveštaji ne navode ID nalaza),planer (vlasnik paketa),neblokirajuće
planning-pass/checklist/r1/09,r1,planning-pass,checklist,pre-commit staging (before 2758f4e5),LOW,WAGGLE-DELIVERY-PLAN-v1.2.md,primenjeno po izveštaju popravljača — pojedinačno nije ponovo provereno,izmena prema izveštaju popravljača; sadržaj nije pojedinačno ponovo proveren,all-fixer-reports.json › fix:WAGGLE-DELIVERY-PLAN-v1.2.md:r1 (veza fajl + krug; izveštaji ne navode ID nalaza),planer (vlasnik paketa),neblokirajuće
planning-pass/checklist/r1/10,r1,planning-pass,checklist,pre-commit staging (before 2758f4e5),LOW,Waggle_FRD_v1.2_DRAFT.md,primenjeno po izveštaju popravljača — pojedinačno nije ponovo provereno,izmena prema izveštaju popravljača; sadržaj nije pojedinačno ponovo proveren,all-fixer-reports.json › fix:Waggle_FRD_v1.2_DRAFT.md:r1 (veza fajl + krug; izveštaji ne navode ID nalaza),planer (vlasnik paketa),neblokirajuće
planning-pass/checklist/r1/11,r1,planning-pass,checklist,pre-commit staging (before 2758f4e5),LOW,Waggle_FRD_v1.2_DRAFT.md,primenjeno po izveštaju popravljača — pojedinačno nije ponovo provereno,izmena prema izveštaju popravljača; sadržaj nije pojedinačno ponovo proveren,all-fixer-reports.json › fix:Waggle_FRD_v1.2_DRAFT.md:r1 (veza fajl + krug; izveštaji ne navode ID nalaza),planer (vlasnik paketa),neblokirajuće
planning-pass/checklist/r1/12,r1,planning-pass,checklist,pre-commit staging (before 2758f4e5),LOW,Waggle_PRD_v1.2_DRAFT.md,primenjeno po izveštaju popravljača — pojedinačno nije ponovo provereno,izmena prema izveštaju popravljača; sadržaj nije pojedinačno ponovo proveren,all-fixer-reports.json › fix:Waggle_PRD_v1.2_DRAFT.md:r1 (veza fajl + krug; izveštaji ne navode ID nalaza),planer (vlasnik paketa),neblokirajuće
planning-pass/estimates/r2/01,r2,planning-pass,estimates,pre-commit staging (before 2758f4e5),HIGH,WAGGLE-DELIVERY-PLAN-v1.2.md,primenjeno po izveštaju popravljača — pojedinačno nije ponovo provereno,izmena prema izveštaju popravljača; sadržaj nije pojedinačno ponovo proveren,all-fixer-reports.json › fix:delivery-plan:r2-pending (veza fajl + krug; izveštaji ne navode ID nalaza),planer (vlasnik paketa),neblokirajuće
planning-pass/estimates/r2/02,r2,planning-pass,estimates,pre-commit staging (before 2758f4e5),MED,WAGGLE-DELIVERY-PLAN-v1.2.md,primenjeno po izveštaju popravljača — pojedinačno nije ponovo provereno,izmena prema izveštaju popravljača; sadržaj nije pojedinačno ponovo proveren,all-fixer-reports.json › fix:delivery-plan:r2-pending (veza fajl + krug; izveštaji ne navode ID nalaza),planer (vlasnik paketa),neblokirajuće
planning-pass/estimates/r2/03,r2,planning-pass,estimates,pre-commit staging (before 2758f4e5),MED,WAGGLE-DELIVERY-PLAN-v1.2.md,primenjeno po izveštaju popravljača — pojedinačno nije ponovo provereno,izmena prema izveštaju popravljača; sadržaj nije pojedinačno ponovo proveren,all-fixer-reports.json › fix:delivery-plan:r2-pending (veza fajl + krug; izveštaji ne navode ID nalaza),planer (vlasnik paketa),neblokirajuće
planning-pass/estimates/r2/04,r2,planning-pass,estimates,pre-commit staging (before 2758f4e5),MED,WAGGLE-DELIVERY-PLAN-v1.2.md,primenjeno po izveštaju popravljača — pojedinačno nije ponovo provereno,izmena prema izveštaju popravljača; sadržaj nije pojedinačno ponovo proveren,all-fixer-reports.json › fix:delivery-plan:r2-pending (veza fajl + krug; izveštaji ne navode ID nalaza),planer (vlasnik paketa),neblokirajuće
planning-pass/estimates/r2/05,r2,planning-pass,estimates,pre-commit staging (before 2758f4e5),MED,WAGGLE-DELIVERY-PLAN-v1.2.md,primenjeno po izveštaju popravljača — pojedinačno nije ponovo provereno,izmena prema izveštaju popravljača; sadržaj nije pojedinačno ponovo proveren,all-fixer-reports.json › fix:delivery-plan:r2-pending (veza fajl + krug; izveštaji ne navode ID nalaza),planer (vlasnik paketa),neblokirajuće
planning-pass/estimates/r2/06,r2,planning-pass,estimates,pre-commit staging (before 2758f4e5),MED,WAGGLE-DELIVERY-PLAN-v1.2.md,primenjeno po izveštaju popravljača — pojedinačno nije ponovo provereno,izmena prema izveštaju popravljača; sadržaj nije pojedinačno ponovo proveren,all-fixer-reports.json › fix:delivery-plan:r2-pending (veza fajl + krug; izveštaji ne navode ID nalaza),planer (vlasnik paketa),neblokirajuće
planning-pass/estimates/r2/07,r2,planning-pass,estimates,pre-commit staging (before 2758f4e5),LOW,WAGGLE-DELIVERY-PLAN-v1.2.md,primenjeno po izveštaju popravljača — pojedinačno nije ponovo provereno,izmena prema izveštaju popravljača; sadržaj nije pojedinačno ponovo proveren,all-fixer-reports.json › fix:delivery-plan:r2-pending (veza fajl + krug; izveštaji ne navode ID nalaza),planer (vlasnik paketa),neblokirajuće
planning-pass/estimates/r2/08,r2,planning-pass,estimates,pre-commit staging (before 2758f4e5),LOW,WAGGLE-DELIVERY-PLAN-v1.2.md,primenjeno po izveštaju popravljača — pojedinačno nije ponovo provereno,izmena prema izveštaju popravljača; sadržaj nije pojedinačno ponovo proveren,all-fixer-reports.json › fix:delivery-plan:r2-pending (veza fajl + krug; izveštaji ne navode ID nalaza),planer (vlasnik paketa),neblokirajuće
planning-pass/estimates/r2/09,r2,planning-pass,estimates,pre-commit staging (before 2758f4e5),LOW,WAGGLE-DELIVERY-PLAN-v1.2.md,primenjeno po izveštaju popravljača — pojedinačno nije ponovo provereno,izmena prema izveštaju popravljača; sadržaj nije pojedinačno ponovo proveren,all-fixer-reports.json › fix:delivery-plan:r2-pending (veza fajl + krug; izveštaji ne navode ID nalaza),planer (vlasnik paketa),neblokirajuće
planning-pass/estimates/r2/10,r2,planning-pass,estimates,pre-commit staging (before 2758f4e5),LOW,WAGGLE-DELIVERY-PLAN-v1.2.md,primenjeno po izveštaju popravljača — pojedinačno nije ponovo provereno,izmena prema izveštaju popravljača; sadržaj nije pojedinačno ponovo proveren,all-fixer-reports.json › fix:delivery-plan:r2-pending (veza fajl + krug; izveštaji ne navode ID nalaza),planer (vlasnik paketa),neblokirajuće
planning-pass/estimates/r2/11,r2,planning-pass,estimates,pre-commit staging (before 2758f4e5),LOW,WAGGLE-DELIVERY-PLAN-v1.2.md,primenjeno po izveštaju popravljača — pojedinačno nije ponovo provereno,izmena prema izveštaju popravljača; sadržaj nije pojedinačno ponovo proveren,all-fixer-reports.json › fix:delivery-plan:r2-pending (veza fajl + krug; izveštaji ne navode ID nalaza),planer (vlasnik paketa),neblokirajuće
critique-continue/estimates/r2/01,r2,critique-continue,estimates,pre-commit staging (before 2758f4e5),HIGH,WAGGLE-DELIVERY-PLAN-v1.2.md,primenjeno po izveštaju popravljača — pojedinačno nije ponovo provereno,izmena prema izveštaju popravljača; sadržaj nije pojedinačno ponovo proveren,all-fixer-reports.json › fix:WAGGLE-DELIVERY-PLAN-v1.2.md:r2 (veza fajl + krug; izveštaji ne navode ID nalaza),planer (vlasnik paketa),neblokirajuće
critique-continue/estimates/r2/02,r2,critique-continue,estimates,pre-commit staging (before 2758f4e5),HIGH,WAGGLE-DELIVERY-PLAN-v1.2.md,primenjeno po izveštaju popravljača — pojedinačno nije ponovo provereno,izmena prema izveštaju popravljača; sadržaj nije pojedinačno ponovo proveren,all-fixer-reports.json › fix:WAGGLE-DELIVERY-PLAN-v1.2.md:r2 (veza fajl + krug; izveštaji ne navode ID nalaza),planer (vlasnik paketa),neblokirajuće
critique-continue/estimates/r2/03,r2,critique-continue,estimates,pre-commit staging (before 2758f4e5),MED,WAGGLE-DELIVERY-PLAN-v1.2.md,primenjeno po izveštaju popravljača — pojedinačno nije ponovo provereno,izmena prema izveštaju popravljača; sadržaj nije pojedinačno ponovo proveren,all-fixer-reports.json › fix:WAGGLE-DELIVERY-PLAN-v1.2.md:r2 (veza fajl + krug; izveštaji ne navode ID nalaza),planer (vlasnik paketa),neblokirajuće
critique-continue/estimates/r2/04,r2,critique-continue,estimates,pre-commit staging (before 2758f4e5),MED,WAGGLE-DELIVERY-PLAN-v1.2.md,primenjeno po izveštaju popravljača — pojedinačno nije ponovo provereno,izmena prema izveštaju popravljača; sadržaj nije pojedinačno ponovo proveren,all-fixer-reports.json › fix:WAGGLE-DELIVERY-PLAN-v1.2.md:r2 (veza fajl + krug; izveštaji ne navode ID nalaza),planer (vlasnik paketa),neblokirajuće
critique-continue/estimates/r2/05,r2,critique-continue,estimates,pre-commit staging (before 2758f4e5),MED,WAGGLE-DELIVERY-PLAN-v1.2.md,primenjeno po izveštaju popravljača — pojedinačno nije ponovo provereno,izmena prema izveštaju popravljača; sadržaj nije pojedinačno ponovo proveren,all-fixer-reports.json › fix:WAGGLE-DELIVERY-PLAN-v1.2.md:r2 (veza fajl + krug; izveštaji ne navode ID nalaza),planer (vlasnik paketa),neblokirajuće
critique-continue/estimates/r2/06,r2,critique-continue,estimates,pre-commit staging (before 2758f4e5),MED,WAGGLE-DELIVERY-PLAN-v1.2.md,primenjeno po izveštaju popravljača — pojedinačno nije ponovo provereno,izmena prema izveštaju popravljača; sadržaj nije pojedinačno ponovo proveren,all-fixer-reports.json › fix:WAGGLE-DELIVERY-PLAN-v1.2.md:r2 (veza fajl + krug; izveštaji ne navode ID nalaza),planer (vlasnik paketa),neblokirajuće
critique-continue/estimates/r2/07,r2,critique-continue,estimates,pre-commit staging (before 2758f4e5),MED,WAGGLE-DELIVERY-PLAN-v1.2.md,primenjeno po izveštaju popravljača — pojedinačno nije ponovo provereno,izmena prema izveštaju popravljača; sadržaj nije pojedinačno ponovo proveren,all-fixer-reports.json › fix:WAGGLE-DELIVERY-PLAN-v1.2.md:r2 (veza fajl + krug; izveštaji ne navode ID nalaza),planer (vlasnik paketa),neblokirajuće
critique-continue/estimates/r2/08,r2,critique-continue,estimates,pre-commit staging (before 2758f4e5),MED,WAGGLE-DELIVERY-PLAN-v1.2.md,primenjeno po izveštaju popravljača — pojedinačno nije ponovo provereno,izmena prema izveštaju popravljača; sadržaj nije pojedinačno ponovo proveren,all-fixer-reports.json › fix:WAGGLE-DELIVERY-PLAN-v1.2.md:r2 (veza fajl + krug; izveštaji ne navode ID nalaza),planer (vlasnik paketa),neblokirajuće
critique-continue/estimates/r2/09,r2,critique-continue,estimates,pre-commit staging (before 2758f4e5),MED,WAGGLE-DELIVERY-PLAN-v1.2.md,primenjeno po izveštaju popravljača — pojedinačno nije ponovo provereno,izmena prema izveštaju popravljača; sadržaj nije pojedinačno ponovo proveren,all-fixer-reports.json › fix:WAGGLE-DELIVERY-PLAN-v1.2.md:r2 (veza fajl + krug; izveštaji ne navode ID nalaza),planer (vlasnik paketa),neblokirajuće
critique-continue/estimates/r2/10,r2,critique-continue,estimates,pre-commit staging (before 2758f4e5),LOW,WAGGLE-DELIVERY-PLAN-v1.2.md,primenjeno po izveštaju popravljača — pojedinačno nije ponovo provereno,izmena prema izveštaju popravljača; sadržaj nije pojedinačno ponovo proveren,all-fixer-reports.json › fix:WAGGLE-DELIVERY-PLAN-v1.2.md:r2 (veza fajl + krug; izveštaji ne navode ID nalaza),planer (vlasnik paketa),neblokirajuće
critique-continue/estimates/r2/11,r2,critique-continue,estimates,pre-commit staging (before 2758f4e5),LOW,WAGGLE-DELIVERY-PLAN-v1.2.md,primenjeno po izveštaju popravljača — pojedinačno nije ponovo provereno,izmena prema izveštaju popravljača; sadržaj nije pojedinačno ponovo proveren,all-fixer-reports.json › fix:WAGGLE-DELIVERY-PLAN-v1.2.md:r2 (veza fajl + krug; izveštaji ne navode ID nalaza),planer (vlasnik paketa),neblokirajuće
critique-continue/estimates/r2/12,r2,critique-continue,estimates,pre-commit staging (before 2758f4e5),LOW,WAGGLE-DELIVERY-PLAN-v1.2.md,primenjeno po izveštaju popravljača — pojedinačno nije ponovo provereno,izmena prema izveštaju popravljača; sadržaj nije pojedinačno ponovo proveren,all-fixer-reports.json › fix:WAGGLE-DELIVERY-PLAN-v1.2.md:r2 (veza fajl + krug; izveštaji ne navode ID nalaza),planer (vlasnik paketa),neblokirajuće
critique-continue/estimates/r2/13,r2,critique-continue,estimates,pre-commit staging (before 2758f4e5),LOW,WAGGLE-DELIVERY-PLAN-v1.2.md,primenjeno po izveštaju popravljača — pojedinačno nije ponovo provereno,izmena prema izveštaju popravljača; sadržaj nije pojedinačno ponovo proveren,all-fixer-reports.json › fix:WAGGLE-DELIVERY-PLAN-v1.2.md:r2 (veza fajl + krug; izveštaji ne navode ID nalaza),planer (vlasnik paketa),neblokirajuće
critique-continue/estimates/r2/14,r2,critique-continue,estimates,pre-commit staging (before 2758f4e5),LOW,WAGGLE-DELIVERY-PLAN-v1.2.md,primenjeno po izveštaju popravljača — pojedinačno nije ponovo provereno,izmena prema izveštaju popravljača; sadržaj nije pojedinačno ponovo proveren,all-fixer-reports.json › fix:WAGGLE-DELIVERY-PLAN-v1.2.md:r2 (veza fajl + krug; izveštaji ne navode ID nalaza),planer (vlasnik paketa),neblokirajuće
critique-continue/estimates/r2/15,r2,critique-continue,estimates,pre-commit staging (before 2758f4e5),LOW,WAGGLE-DELIVERY-PLAN-v1.2.md,primenjeno po izveštaju popravljača — pojedinačno nije ponovo provereno,izmena prema izveštaju popravljača; sadržaj nije pojedinačno ponovo proveren,all-fixer-reports.json › fix:WAGGLE-DELIVERY-PLAN-v1.2.md:r2 (veza fajl + krug; izveštaji ne navode ID nalaza),planer (vlasnik paketa),neblokirajuće
critique-continue/estimates/r2/16,r2,critique-continue,estimates,pre-commit staging (before 2758f4e5),LOW,WAGGLE-DELIVERY-PLAN-v1.2.md,primenjeno po izveštaju popravljača — pojedinačno nije ponovo provereno,izmena prema izveštaju popravljača; sadržaj nije pojedinačno ponovo proveren,all-fixer-reports.json › fix:WAGGLE-DELIVERY-PLAN-v1.2.md:r2 (veza fajl + krug; izveštaji ne navode ID nalaza),planer (vlasnik paketa),neblokirajuće
critique-continue/estimates/r2/17,r2,critique-continue,estimates,pre-commit staging (before 2758f4e5),LOW,WAGGLE-DELIVERY-PLAN-v1.2.md,primenjeno po izveštaju popravljača — pojedinačno nije ponovo provereno,izmena prema izveštaju popravljača; sadržaj nije pojedinačno ponovo proveren,all-fixer-reports.json › fix:WAGGLE-DELIVERY-PLAN-v1.2.md:r2 (veza fajl + krug; izveštaji ne navode ID nalaza),planer (vlasnik paketa),neblokirajuće
critique-continue/estimates/r2/18,r2,critique-continue,estimates,pre-commit staging (before 2758f4e5),LOW,WAGGLE-DELIVERY-PLAN-v1.2.md,primenjeno po izveštaju popravljača — pojedinačno nije ponovo provereno,izmena prema izveštaju popravljača; sadržaj nije pojedinačno ponovo proveren,all-fixer-reports.json › fix:WAGGLE-DELIVERY-PLAN-v1.2.md:r2 (veza fajl + krug; izveštaji ne navode ID nalaza),planer (vlasnik paketa),neblokirajuće
critique-continue/estimates/r2/19,r2,critique-continue,estimates,pre-commit staging (before 2758f4e5),LOW,Waggle_FRD_v1.2_DRAFT.md,primenjeno po izveštaju popravljača — pojedinačno nije ponovo provereno,izmena prema izveštaju popravljača; sadržaj nije pojedinačno ponovo proveren,all-fixer-reports.json › fix:Waggle_FRD_v1.2_DRAFT.md:r2 (veza fajl + krug; izveštaji ne navode ID nalaza),planer (vlasnik paketa),neblokirajuće
critique-continue/traceability/r2/01,r2,critique-continue,traceability,pre-commit staging (before 2758f4e5),HIGH,WAGGLE-DELIVERY-PLAN-v1.2.md,primenjeno po izveštaju popravljača — pojedinačno nije ponovo provereno,izmena prema izveštaju popravljača; sadržaj nije pojedinačno ponovo proveren,all-fixer-reports.json › fix:WAGGLE-DELIVERY-PLAN-v1.2.md:r2 (veza fajl + krug; izveštaji ne navode ID nalaza),planer (vlasnik paketa),neblokirajuće
critique-continue/traceability/r2/02,r2,critique-continue,traceability,pre-commit staging (before 2758f4e5),HIGH,WAGGLE-DELIVERY-PLAN-v1.2.md,primenjeno po izveštaju popravljača — pojedinačno nije ponovo provereno,izmena prema izveštaju popravljača; sadržaj nije pojedinačno ponovo proveren,all-fixer-reports.json › fix:WAGGLE-DELIVERY-PLAN-v1.2.md:r2 (veza fajl + krug; izveštaji ne navode ID nalaza),planer (vlasnik paketa),neblokirajuće
critique-continue/traceability/r2/03,r2,critique-continue,traceability,pre-commit staging (before 2758f4e5),MED,WAGGLE-AUDIT-DISPOSITION-v1.2.md,primenjeno po izveštaju popravljača — pojedinačno nije ponovo provereno,izmena prema izveštaju popravljača; sadržaj nije pojedinačno ponovo proveren,all-fixer-reports.json › fix:WAGGLE-AUDIT-DISPOSITION-v1.2.md:r2 (veza fajl + krug; izveštaji ne navode ID nalaza),planer (vlasnik paketa),neblokirajuće
critique-continue/traceability/r2/04,r2,critique-continue,traceability,pre-commit staging (before 2758f4e5),MED,ADR-INDEX.md,primenjeno po izveštaju popravljača — pojedinačno nije ponovo provereno,izmena prema izveštaju popravljača; sadržaj nije pojedinačno ponovo proveren,all-fixer-reports.json › fix:ADR-INDEX.md:r2 (veza fajl + krug; izveštaji ne navode ID nalaza),planer (vlasnik paketa),neblokirajuće
critique-continue/traceability/r2/05,r2,critique-continue,traceability,pre-commit staging (before 2758f4e5),MED,WAGGLE-DELIVERY-PLAN-v1.2.md,primenjeno po izveštaju popravljača — pojedinačno nije ponovo provereno,izmena prema izveštaju popravljača; sadržaj nije pojedinačno ponovo proveren,all-fixer-reports.json › fix:WAGGLE-DELIVERY-PLAN-v1.2.md:r2 (veza fajl + krug; izveštaji ne navode ID nalaza),planer (vlasnik paketa),neblokirajuće
critique-continue/traceability/r2/06,r2,critique-continue,traceability,pre-commit staging (before 2758f4e5),MED,Waggle_PRD_v1.2_DRAFT.md,primenjeno po izveštaju popravljača — pojedinačno nije ponovo provereno,izmena prema izveštaju popravljača; sadržaj nije pojedinačno ponovo proveren,all-fixer-reports.json › fix:Waggle_PRD_v1.2_DRAFT.md:r2 (veza fajl + krug; izveštaji ne navode ID nalaza),planer (vlasnik paketa),neblokirajuće
critique-continue/traceability/r2/07,r2,critique-continue,traceability,pre-commit staging (before 2758f4e5),MED,Waggle_PRD_v1.2_DRAFT.md,primenjeno po izveštaju popravljača — pojedinačno nije ponovo provereno,izmena prema izveštaju popravljača; sadržaj nije pojedinačno ponovo proveren,all-fixer-reports.json › fix:Waggle_PRD_v1.2_DRAFT.md:r2 (veza fajl + krug; izveštaji ne navode ID nalaza),planer (vlasnik paketa),neblokirajuće
critique-continue/traceability/r2/08,r2,critique-continue,traceability,pre-commit staging (before 2758f4e5),MED,WAGGLE-DELIVERY-PLAN-v1.2.md,primenjeno po izveštaju popravljača — pojedinačno nije ponovo provereno,izmena prema izveštaju popravljača; sadržaj nije pojedinačno ponovo proveren,all-fixer-reports.json › fix:WAGGLE-DELIVERY-PLAN-v1.2.md:r2 (veza fajl + krug; izveštaji ne navode ID nalaza),planer (vlasnik paketa),neblokirajuće
critique-continue/traceability/r2/09,r2,critique-continue,traceability,pre-commit staging (before 2758f4e5),MED,WAGGLE-DELIVERY-PLAN-v1.2.md,primenjeno po izveštaju popravljača — pojedinačno nije ponovo provereno,izmena prema izveštaju popravljača; sadržaj nije pojedinačno ponovo proveren,all-fixer-reports.json › fix:WAGGLE-DELIVERY-PLAN-v1.2.md:r2 (veza fajl + krug; izveštaji ne navode ID nalaza),planer (vlasnik paketa),neblokirajuće
critique-continue/traceability/r2/10,r2,critique-continue,traceability,pre-commit staging (before 2758f4e5),MED,WAGGLE-DELIVERY-PLAN-v1.2.md,primenjeno po izveštaju popravljača — pojedinačno nije ponovo provereno,izmena prema izveštaju popravljača; sadržaj nije pojedinačno ponovo proveren,all-fixer-reports.json › fix:WAGGLE-DELIVERY-PLAN-v1.2.md:r2 (veza fajl + krug; izveštaji ne navode ID nalaza),planer (vlasnik paketa),neblokirajuće
critique-continue/traceability/r2/11,r2,critique-continue,traceability,pre-commit staging (before 2758f4e5),MED,WAGGLE-AUDIT-DISPOSITION-v1.2.md,primenjeno po izveštaju popravljača — pojedinačno nije ponovo provereno,izmena prema izveštaju popravljača; sadržaj nije pojedinačno ponovo proveren,all-fixer-reports.json › fix:WAGGLE-AUDIT-DISPOSITION-v1.2.md:r2 (veza fajl + krug; izveštaji ne navode ID nalaza),planer (vlasnik paketa),neblokirajuće
critique-continue/traceability/r2/12,r2,critique-continue,traceability,pre-commit staging (before 2758f4e5),MED,Waggle_FRD_v1.2_DRAFT.md,primenjeno po izveštaju popravljača — pojedinačno nije ponovo provereno,izmena prema izveštaju popravljača; sadržaj nije pojedinačno ponovo proveren,all-fixer-reports.json › fix:Waggle_FRD_v1.2_DRAFT.md:r2 (veza fajl + krug; izveštaji ne navode ID nalaza),planer (vlasnik paketa),neblokirajuće
critique-continue/traceability/r2/13,r2,critique-continue,traceability,pre-commit staging (before 2758f4e5),MED,2026-09-27-ADR-08-individual-tiers-kvark-boundary.md,primenjeno po izveštaju popravljača — pojedinačno nije ponovo provereno,izmena prema izveštaju popravljača; sadržaj nije pojedinačno ponovo proveren,all-fixer-reports.json › fix:2026-09-27-ADR-08-individual-tiers-kvark-boundary.md:r2 (veza fajl + krug; izveštaji ne navode ID nalaza),planer (vlasnik paketa),neblokirajuće
critique-continue/traceability/r2/14,r2,critique-continue,traceability,pre-commit staging (before 2758f4e5),LOW,ADR-INDEX.md,primenjeno po izveštaju popravljača — pojedinačno nije ponovo provereno,izmena prema izveštaju popravljača; sadržaj nije pojedinačno ponovo proveren,all-fixer-reports.json › fix:ADR-INDEX.md:r2 (veza fajl + krug; izveštaji ne navode ID nalaza),planer (vlasnik paketa),neblokirajuće
critique-continue/traceability/r2/15,r2,critique-continue,traceability,pre-commit staging (before 2758f4e5),LOW,WAGGLE-AUDIT-DISPOSITION-v1.2.md,primenjeno po izveštaju popravljača — pojedinačno nije ponovo provereno,izmena prema izveštaju popravljača; sadržaj nije pojedinačno ponovo proveren,all-fixer-reports.json › fix:WAGGLE-AUDIT-DISPOSITION-v1.2.md:r2 (veza fajl + krug; izveštaji ne navode ID nalaza),planer (vlasnik paketa),neblokirajuće
critique-continue/traceability/r2/16,r2,critique-continue,traceability,pre-commit staging (before 2758f4e5),LOW,Waggle_PRD_v1.2_DRAFT.md,primenjeno po izveštaju popravljača — pojedinačno nije ponovo provereno,izmena prema izveštaju popravljača; sadržaj nije pojedinačno ponovo proveren,all-fixer-reports.json › fix:Waggle_PRD_v1.2_DRAFT.md:r2 (veza fajl + krug; izveštaji ne navode ID nalaza),planer (vlasnik paketa),neblokirajuće
critique-continue/traceability/r2/17,r2,critique-continue,traceability,pre-commit staging (before 2758f4e5),LOW,SAFE-IMPLEMENTATION-CHECKLIST.md,primenjeno po izveštaju popravljača — pojedinačno nije ponovo provereno,izmena prema izveštaju popravljača; sadržaj nije pojedinačno ponovo proveren,all-fixer-reports.json › fix:SAFE-IMPLEMENTATION-CHECKLIST.md:r2 (veza fajl + krug; izveštaji ne navode ID nalaza),planer (vlasnik paketa),neblokirajuće
critique-continue/traceability/r2/18,r2,critique-continue,traceability,pre-commit staging (before 2758f4e5),LOW,WAGGLE-DELIVERY-PLAN-v1.2.md,primenjeno po izveštaju popravljača — pojedinačno nije ponovo provereno,izmena prema izveštaju popravljača; sadržaj nije pojedinačno ponovo proveren,all-fixer-reports.json › fix:WAGGLE-DELIVERY-PLAN-v1.2.md:r2 (veza fajl + krug; izveštaji ne navode ID nalaza),planer (vlasnik paketa),neblokirajuće
critique-continue/traceability/r2/19,r2,critique-continue,traceability,pre-commit staging (before 2758f4e5),LOW,WAGGLE-AUDIT-DISPOSITION-v1.2.md,primenjeno po izveštaju popravljača — pojedinačno nije ponovo provereno,izmena prema izveštaju popravljača; sadržaj nije pojedinačno ponovo proveren,all-fixer-reports.json › fix:WAGGLE-AUDIT-DISPOSITION-v1.2.md:r2 (veza fajl + krug; izveštaji ne navode ID nalaza),planer (vlasnik paketa),neblokirajuće
critique-continue/traceability/r2/20,r2,critique-continue,traceability,pre-commit staging (before 2758f4e5),LOW,Waggle_FRD_v1.2_DRAFT.md,primenjeno po izveštaju popravljača — pojedinačno nije ponovo provereno,izmena prema izveštaju popravljača; sadržaj nije pojedinačno ponovo proveren,all-fixer-reports.json › fix:Waggle_FRD_v1.2_DRAFT.md:r2 (veza fajl + krug; izveštaji ne navode ID nalaza),planer (vlasnik paketa),neblokirajuće
critique-continue/traceability/r2/21,r2,critique-continue,traceability,pre-commit staging (before 2758f4e5),LOW,Waggle_FRD_v1.2_DRAFT.md,primenjeno po izveštaju popravljača — pojedinačno nije ponovo provereno,izmena prema izveštaju popravljača; sadržaj nije pojedinačno ponovo proveren,all-fixer-reports.json › fix:Waggle_FRD_v1.2_DRAFT.md:r2 (veza fajl + krug; izveštaji ne navode ID nalaza),planer (vlasnik paketa),neblokirajuće
critique-continue/traceability/r2/22,r2,critique-continue,traceability,pre-commit staging (before 2758f4e5),LOW,WAGGLE-BUILD-VS-BORROW-v1.2.md,primenjeno po izveštaju popravljača — pojedinačno nije ponovo provereno,izmena prema izveštaju popravljača; sadržaj nije pojedinačno ponovo proveren,all-fixer-reports.json › fix:WAGGLE-BUILD-VS-BORROW-v1.2.md:r2 (veza fajl + krug; izveštaji ne navode ID nalaza),planer (vlasnik paketa),neblokirajuće
critique-continue/traceability/r2/23,r2,critique-continue,traceability,pre-commit staging (before 2758f4e5),LOW,WAGGLE-AUDIT-DISPOSITION-v1.2.md,primenjeno po izveštaju popravljača — pojedinačno nije ponovo provereno,izmena prema izveštaju popravljača; sadržaj nije pojedinačno ponovo proveren,all-fixer-reports.json › fix:WAGGLE-AUDIT-DISPOSITION-v1.2.md:r2 (veza fajl + krug; izveštaji ne navode ID nalaza),planer (vlasnik paketa),neblokirajuće
critique-continue/traceability/r2/24,r2,critique-continue,traceability,pre-commit staging (before 2758f4e5),LOW,WAGGLE-DELIVERY-PLAN-v1.2.md,primenjeno po izveštaju popravljača — pojedinačno nije ponovo provereno,izmena prema izveštaju popravljača; sadržaj nije pojedinačno ponovo proveren,all-fixer-reports.json › fix:WAGGLE-DELIVERY-PLAN-v1.2.md:r2 (veza fajl + krug; izveštaji ne navode ID nalaza),planer (vlasnik paketa),neblokirajuće
critique-continue/traceability/r2/25,r2,critique-continue,traceability,pre-commit staging (before 2758f4e5),LOW,WAGGLE-AUDIT-DISPOSITION-v1.2.md,primenjeno po izveštaju popravljača — pojedinačno nije ponovo provereno,izmena prema izveštaju popravljača; sadržaj nije pojedinačno ponovo proveren,all-fixer-reports.json › fix:WAGGLE-AUDIT-DISPOSITION-v1.2.md:r2 (veza fajl + krug; izveštaji ne navode ID nalaza),planer (vlasnik paketa),neblokirajuće
critique-continue/traceability/r2/26,r2,critique-continue,traceability,pre-commit staging (before 2758f4e5),LOW,WAGGLE-AUDIT-DISPOSITION-v1.2.md,primenjeno po izveštaju popravljača — pojedinačno nije ponovo provereno,izmena prema izveštaju popravljača; sadržaj nije pojedinačno ponovo proveren,all-fixer-reports.json › fix:WAGGLE-AUDIT-DISPOSITION-v1.2.md:r2 (veza fajl + krug; izveštaji ne navode ID nalaza),planer (vlasnik paketa),neblokirajuće
critique-continue/facts/r2/01,r2,critique-continue,facts,pre-commit staging (before 2758f4e5),HIGH,Waggle_FRD_v1.2_DRAFT.md,primenjeno po izveštaju popravljača — pojedinačno nije ponovo provereno,izmena prema izveštaju popravljača; sadržaj nije pojedinačno ponovo proveren,all-fixer-reports.json › fix:Waggle_FRD_v1.2_DRAFT.md:r2 (veza fajl + krug; izveštaji ne navode ID nalaza),planer (vlasnik paketa),neblokirajuće
critique-continue/facts/r2/02,r2,critique-continue,facts,pre-commit staging (before 2758f4e5),HIGH,Waggle_PRD_v1.2_DRAFT.md,primenjeno po izveštaju popravljača — pojedinačno nije ponovo provereno,izmena prema izveštaju popravljača; sadržaj nije pojedinačno ponovo proveren,all-fixer-reports.json › fix:Waggle_PRD_v1.2_DRAFT.md:r2 (veza fajl + krug; izveštaji ne navode ID nalaza),planer (vlasnik paketa),neblokirajuće
critique-continue/facts/r2/03,r2,critique-continue,facts,pre-commit staging (before 2758f4e5),MED,Waggle_PRD_v1.2_DRAFT.md,primenjeno po izveštaju popravljača — pojedinačno nije ponovo provereno,izmena prema izveštaju popravljača; sadržaj nije pojedinačno ponovo proveren,all-fixer-reports.json › fix:Waggle_PRD_v1.2_DRAFT.md:r2 (veza fajl + krug; izveštaji ne navode ID nalaza),planer (vlasnik paketa),neblokirajuće
critique-continue/facts/r2/04,r2,critique-continue,facts,pre-commit staging (before 2758f4e5),MED,Waggle_PRD_v1.2_DRAFT.md,primenjeno po izveštaju popravljača — pojedinačno nije ponovo provereno,izmena prema izveštaju popravljača; sadržaj nije pojedinačno ponovo proveren,all-fixer-reports.json › fix:Waggle_PRD_v1.2_DRAFT.md:r2 (veza fajl + krug; izveštaji ne navode ID nalaza),planer (vlasnik paketa),neblokirajuće
critique-continue/facts/r2/05,r2,critique-continue,facts,pre-commit staging (before 2758f4e5),MED,Waggle_PRD_v1.2_DRAFT.md,primenjeno po izveštaju popravljača — pojedinačno nije ponovo provereno,izmena prema izveštaju popravljača; sadržaj nije pojedinačno ponovo proveren,all-fixer-reports.json › fix:Waggle_PRD_v1.2_DRAFT.md:r2 (veza fajl + krug; izveštaji ne navode ID nalaza),planer (vlasnik paketa),neblokirajuće
critique-continue/facts/r2/06,r2,critique-continue,facts,pre-commit staging (before 2758f4e5),MED,Waggle_PRD_v1.2_DRAFT.md,primenjeno po izveštaju popravljača — pojedinačno nije ponovo provereno,izmena prema izveštaju popravljača; sadržaj nije pojedinačno ponovo proveren,all-fixer-reports.json › fix:Waggle_PRD_v1.2_DRAFT.md:r2 (veza fajl + krug; izveštaji ne navode ID nalaza),planer (vlasnik paketa),neblokirajuće
critique-continue/facts/r2/07,r2,critique-continue,facts,pre-commit staging (before 2758f4e5),MED,WAGGLE-DELIVERY-PLAN-v1.2.md,primenjeno po izveštaju popravljača — pojedinačno nije ponovo provereno,izmena prema izveštaju popravljača; sadržaj nije pojedinačno ponovo proveren,all-fixer-reports.json › fix:WAGGLE-DELIVERY-PLAN-v1.2.md:r2 (veza fajl + krug; izveštaji ne navode ID nalaza),planer (vlasnik paketa),neblokirajuće
critique-continue/facts/r2/08,r2,critique-continue,facts,pre-commit staging (before 2758f4e5),MED,WAGGLE-AUDIT-DISPOSITION-v1.2.md,primenjeno po izveštaju popravljača — pojedinačno nije ponovo provereno,izmena prema izveštaju popravljača; sadržaj nije pojedinačno ponovo proveren,all-fixer-reports.json › fix:WAGGLE-AUDIT-DISPOSITION-v1.2.md:r2 (veza fajl + krug; izveštaji ne navode ID nalaza),planer (vlasnik paketa),neblokirajuće
critique-continue/facts/r2/09,r2,critique-continue,facts,pre-commit staging (before 2758f4e5),MED,Waggle_PRD_v1.2_DRAFT.md,primenjeno po izveštaju popravljača — pojedinačno nije ponovo provereno,izmena prema izveštaju popravljača; sadržaj nije pojedinačno ponovo proveren,all-fixer-reports.json › fix:Waggle_PRD_v1.2_DRAFT.md:r2 (veza fajl + krug; izveštaji ne navode ID nalaza),planer (vlasnik paketa),neblokirajuće
critique-continue/facts/r2/10,r2,critique-continue,facts,pre-commit staging (before 2758f4e5),MED,WAGGLE-AUDIT-DISPOSITION-v1.2.md,primenjeno po izveštaju popravljača — pojedinačno nije ponovo provereno,izmena prema izveštaju popravljača; sadržaj nije pojedinačno ponovo proveren,all-fixer-reports.json › fix:WAGGLE-AUDIT-DISPOSITION-v1.2.md:r2 (veza fajl + krug; izveštaji ne navode ID nalaza),planer (vlasnik paketa),neblokirajuće
critique-continue/facts/r2/11,r2,critique-continue,facts,pre-commit staging (before 2758f4e5),MED,WAGGLE-DELIVERY-PLAN-v1.2.md,primenjeno po izveštaju popravljača — pojedinačno nije ponovo provereno,izmena prema izveštaju popravljača; sadržaj nije pojedinačno ponovo proveren,all-fixer-reports.json › fix:WAGGLE-DELIVERY-PLAN-v1.2.md:r2 (veza fajl + krug; izveštaji ne navode ID nalaza),planer (vlasnik paketa),neblokirajuće
critique-continue/facts/r2/12,r2,critique-continue,facts,pre-commit staging (before 2758f4e5),MED,2026-09-27-ADR-01-conversation-work-modes.md,primenjeno po izveštaju popravljača — pojedinačno nije ponovo provereno,izmena prema izveštaju popravljača; sadržaj nije pojedinačno ponovo proveren,all-fixer-reports.json › fix:2026-09-27-ADR-01-conversation-work-modes.md:r2 (veza fajl + krug; izveštaji ne navode ID nalaza),planer (vlasnik paketa),neblokirajuće
critique-continue/facts/r2/13,r2,critique-continue,facts,pre-commit staging (before 2758f4e5),MED,WAGGLE-BENCHMARK-PROTOCOL-DRAFT.md,primenjeno po izveštaju popravljača — pojedinačno nije ponovo provereno,izmena prema izveštaju popravljača; sadržaj nije pojedinačno ponovo proveren,all-fixer-reports.json › fix:WAGGLE-BENCHMARK-PROTOCOL-DRAFT.md:r2 (veza fajl + krug; izveštaji ne navode ID nalaza),planer (vlasnik paketa),neblokirajuće
critique-continue/facts/r2/14,r2,critique-continue,facts,pre-commit staging (before 2758f4e5),LOW,WAGGLE-DELIVERY-PLAN-v1.2.md,primenjeno po izveštaju popravljača — pojedinačno nije ponovo provereno,izmena prema izveštaju popravljača; sadržaj nije pojedinačno ponovo proveren,all-fixer-reports.json › fix:WAGGLE-DELIVERY-PLAN-v1.2.md:r2 (veza fajl + krug; izveštaji ne navode ID nalaza),planer (vlasnik paketa),neblokirajuće
critique-continue/facts/r2/15,r2,critique-continue,facts,pre-commit staging (before 2758f4e5),LOW,Waggle_PRD_v1.2_DRAFT.md,primenjeno po izveštaju popravljača — pojedinačno nije ponovo provereno,izmena prema izveštaju popravljača; sadržaj nije pojedinačno ponovo proveren,all-fixer-reports.json › fix:Waggle_PRD_v1.2_DRAFT.md:r2 (veza fajl + krug; izveštaji ne navode ID nalaza),planer (vlasnik paketa),neblokirajuće
critique-continue/facts/r2/16,r2,critique-continue,facts,pre-commit staging (before 2758f4e5),LOW,SAFE-IMPLEMENTATION-CHECKLIST.md,primenjeno po izveštaju popravljača — pojedinačno nije ponovo provereno,izmena prema izveštaju popravljača; sadržaj nije pojedinačno ponovo proveren,all-fixer-reports.json › fix:SAFE-IMPLEMENTATION-CHECKLIST.md:r2 (veza fajl + krug; izveštaji ne navode ID nalaza),planer (vlasnik paketa),neblokirajuće
critique-continue/facts/r2/17,r2,critique-continue,facts,pre-commit staging (before 2758f4e5),LOW,2026-09-27-ADR-01-conversation-work-modes.md,primenjeno po izveštaju popravljača — pojedinačno nije ponovo provereno,izmena prema izveštaju popravljača; sadržaj nije pojedinačno ponovo proveren,all-fixer-reports.json › fix:2026-09-27-ADR-01-conversation-work-modes.md:r2 (veza fajl + krug; izveštaji ne navode ID nalaza),planer (vlasnik paketa),neblokirajuće
critique-continue/facts/r2/18,r2,critique-continue,facts,pre-commit staging (before 2758f4e5),LOW,Waggle_PRD_v1.2_DRAFT.md,primenjeno po izveštaju popravljača — pojedinačno nije ponovo provereno,izmena prema izveštaju popravljača; sadržaj nije pojedinačno ponovo proveren,all-fixer-reports.json › fix:Waggle_PRD_v1.2_DRAFT.md:r2 (veza fajl + krug; izveštaji ne navode ID nalaza),planer (vlasnik paketa),neblokirajuće
critique-continue/facts/r2/19,r2,critique-continue,facts,pre-commit staging (before 2758f4e5),LOW,WAGGLE-DELIVERY-PLAN-v1.2.md,primenjeno po izveštaju popravljača — pojedinačno nije ponovo provereno,izmena prema izveštaju popravljača; sadržaj nije pojedinačno ponovo proveren,all-fixer-reports.json › fix:WAGGLE-DELIVERY-PLAN-v1.2.md:r2 (veza fajl + krug; izveštaji ne navode ID nalaza),planer (vlasnik paketa),neblokirajuće
critique-continue/facts/r2/20,r2,critique-continue,facts,pre-commit staging (before 2758f4e5),LOW,WAGGLE-BUILD-VS-BORROW-v1.2.md,primenjeno po izveštaju popravljača — pojedinačno nije ponovo provereno,izmena prema izveštaju popravljača; sadržaj nije pojedinačno ponovo proveren,all-fixer-reports.json › fix:WAGGLE-BUILD-VS-BORROW-v1.2.md:r2 (veza fajl + krug; izveštaji ne navode ID nalaza),planer (vlasnik paketa),neblokirajuće
critique-continue/facts/r2/21,r2,critique-continue,facts,pre-commit staging (before 2758f4e5),LOW,WAGGLE-BENCHMARK-PROTOCOL-DRAFT.md,primenjeno po izveštaju popravljača — pojedinačno nije ponovo provereno,izmena prema izveštaju popravljača; sadržaj nije pojedinačno ponovo proveren,all-fixer-reports.json › fix:WAGGLE-BENCHMARK-PROTOCOL-DRAFT.md:r2 (veza fajl + krug; izveštaji ne navode ID nalaza),planer (vlasnik paketa),neblokirajuće
critique-continue/facts/r2/22,r2,critique-continue,facts,pre-commit staging (before 2758f4e5),LOW,Waggle_PRD_v1.2_DRAFT.md,primenjeno po izveštaju popravljača — pojedinačno nije ponovo provereno,izmena prema izveštaju popravljača; sadržaj nije pojedinačno ponovo proveren,all-fixer-reports.json › fix:Waggle_PRD_v1.2_DRAFT.md:r2 (veza fajl + krug; izveštaji ne navode ID nalaza),planer (vlasnik paketa),neblokirajuće
critique-continue/facts/r2/23,r2,critique-continue,facts,pre-commit staging (before 2758f4e5),LOW,2026-09-27-ADR-01-conversation-work-modes.md,primenjeno po izveštaju popravljača — pojedinačno nije ponovo provereno,izmena prema izveštaju popravljača; sadržaj nije pojedinačno ponovo proveren,all-fixer-reports.json › fix:2026-09-27-ADR-01-conversation-work-modes.md:r2 (veza fajl + krug; izveštaji ne navode ID nalaza),planer (vlasnik paketa),neblokirajuće
critique-continue/checklist/r2/01,r2,critique-continue,checklist,pre-commit staging (before 2758f4e5),HIGH,WAGGLE-AUDIT-DISPOSITION-v1.2.md,primenjeno po izveštaju popravljača — pojedinačno nije ponovo provereno,izmena prema izveštaju popravljača; sadržaj nije pojedinačno ponovo proveren,all-fixer-reports.json › fix:WAGGLE-AUDIT-DISPOSITION-v1.2.md:r2 (veza fajl + krug; izveštaji ne navode ID nalaza),planer (vlasnik paketa),neblokirajuće
critique-continue/checklist/r2/02,r2,critique-continue,checklist,pre-commit staging (before 2758f4e5),HIGH,Waggle_FRD_v1.2_DRAFT.md,primenjeno po izveštaju popravljača — pojedinačno nije ponovo provereno,izmena prema izveštaju popravljača; sadržaj nije pojedinačno ponovo proveren,all-fixer-reports.json › fix:Waggle_FRD_v1.2_DRAFT.md:r2 (veza fajl + krug; izveštaji ne navode ID nalaza),planer (vlasnik paketa),neblokirajuće
critique-continue/checklist/r2/03,r2,critique-continue,checklist,pre-commit staging (before 2758f4e5),HIGH,WAGGLE-DELIVERY-PLAN-v1.2.md,primenjeno po izveštaju popravljača — pojedinačno nije ponovo provereno,izmena prema izveštaju popravljača; sadržaj nije pojedinačno ponovo proveren,all-fixer-reports.json › fix:WAGGLE-DELIVERY-PLAN-v1.2.md:r2 (veza fajl + krug; izveštaji ne navode ID nalaza),planer (vlasnik paketa),neblokirajuće
critique-continue/checklist/r2/04,r2,critique-continue,checklist,pre-commit staging (before 2758f4e5),HIGH,WAGGLE-DELIVERY-PLAN-v1.2.md,primenjeno po izveštaju popravljača — pojedinačno nije ponovo provereno,izmena prema izveštaju popravljača; sadržaj nije pojedinačno ponovo proveren,all-fixer-reports.json › fix:WAGGLE-DELIVERY-PLAN-v1.2.md:r2 (veza fajl + krug; izveštaji ne navode ID nalaza),planer (vlasnik paketa),neblokirajuće
critique-continue/checklist/r2/05,r2,critique-continue,checklist,pre-commit staging (before 2758f4e5),MED,WAGGLE-DELIVERY-PLAN-v1.2.md,primenjeno po izveštaju popravljača — pojedinačno nije ponovo provereno,izmena prema izveštaju popravljača; sadržaj nije pojedinačno ponovo proveren,all-fixer-reports.json › fix:WAGGLE-DELIVERY-PLAN-v1.2.md:r2 (veza fajl + krug; izveštaji ne navode ID nalaza),planer (vlasnik paketa),neblokirajuće
critique-continue/checklist/r2/06,r2,critique-continue,checklist,pre-commit staging (before 2758f4e5),MED,ADR-INDEX.md,primenjeno po izveštaju popravljača — pojedinačno nije ponovo provereno,izmena prema izveštaju popravljača; sadržaj nije pojedinačno ponovo proveren,all-fixer-reports.json › fix:ADR-INDEX.md:r2 (veza fajl + krug; izveštaji ne navode ID nalaza),planer (vlasnik paketa),neblokirajuće
critique-continue/checklist/r2/07,r2,critique-continue,checklist,pre-commit staging (before 2758f4e5),MED,WAGGLE-DELIVERY-PLAN-v1.2.md,primenjeno po izveštaju popravljača — pojedinačno nije ponovo provereno,izmena prema izveštaju popravljača; sadržaj nije pojedinačno ponovo proveren,all-fixer-reports.json › fix:WAGGLE-DELIVERY-PLAN-v1.2.md:r2 (veza fajl + krug; izveštaji ne navode ID nalaza),planer (vlasnik paketa),neblokirajuće
critique-continue/checklist/r2/08,r2,critique-continue,checklist,pre-commit staging (before 2758f4e5),MED,WAGGLE-DELIVERY-PLAN-v1.2.md,primenjeno po izveštaju popravljača — pojedinačno nije ponovo provereno,izmena prema izveštaju popravljača; sadržaj nije pojedinačno ponovo proveren,all-fixer-reports.json › fix:WAGGLE-DELIVERY-PLAN-v1.2.md:r2 (veza fajl + krug; izveštaji ne navode ID nalaza),planer (vlasnik paketa),neblokirajuće
critique-continue/checklist/r2/09,r2,critique-continue,checklist,pre-commit staging (before 2758f4e5),MED,WAGGLE-DELIVERY-PLAN-v1.2.md,primenjeno po izveštaju popravljača — pojedinačno nije ponovo provereno,izmena prema izveštaju popravljača; sadržaj nije pojedinačno ponovo proveren,all-fixer-reports.json › fix:WAGGLE-DELIVERY-PLAN-v1.2.md:r2 (veza fajl + krug; izveštaji ne navode ID nalaza),planer (vlasnik paketa),neblokirajuće
critique-continue/checklist/r2/10,r2,critique-continue,checklist,pre-commit staging (before 2758f4e5),MED,WAGGLE-DELIVERY-PLAN-v1.2.md,primenjeno po izveštaju popravljača — pojedinačno nije ponovo provereno,izmena prema izveštaju popravljača; sadržaj nije pojedinačno ponovo proveren,all-fixer-reports.json › fix:WAGGLE-DELIVERY-PLAN-v1.2.md:r2 (veza fajl + krug; izveštaji ne navode ID nalaza),planer (vlasnik paketa),neblokirajuće
critique-continue/checklist/r2/11,r2,critique-continue,checklist,pre-commit staging (before 2758f4e5),MED,WAGGLE-DELIVERY-PLAN-v1.2.md,primenjeno po izveštaju popravljača — pojedinačno nije ponovo provereno,izmena prema izveštaju popravljača; sadržaj nije pojedinačno ponovo proveren,all-fixer-reports.json › fix:WAGGLE-DELIVERY-PLAN-v1.2.md:r2 (veza fajl + krug; izveštaji ne navode ID nalaza),planer (vlasnik paketa),neblokirajuće
critique-continue/checklist/r2/12,r2,critique-continue,checklist,pre-commit staging (before 2758f4e5),MED,SAFE-IMPLEMENTATION-CHECKLIST.md,primenjeno po izveštaju popravljača — pojedinačno nije ponovo provereno,izmena prema izveštaju popravljača; sadržaj nije pojedinačno ponovo proveren,all-fixer-reports.json › fix:SAFE-IMPLEMENTATION-CHECKLIST.md:r2 (veza fajl + krug; izveštaji ne navode ID nalaza),planer (vlasnik paketa),neblokirajuće
critique-continue/checklist/r2/13,r2,critique-continue,checklist,pre-commit staging (before 2758f4e5),MED,Waggle_PRD_v1.2_DRAFT.md,primenjeno po izveštaju popravljača — pojedinačno nije ponovo provereno,izmena prema izveštaju popravljača; sadržaj nije pojedinačno ponovo proveren,all-fixer-reports.json › fix:Waggle_PRD_v1.2_DRAFT.md:r2 (veza fajl + krug; izveštaji ne navode ID nalaza),planer (vlasnik paketa),neblokirajuće
critique-continue/checklist/r2/14,r2,critique-continue,checklist,pre-commit staging (before 2758f4e5),MED,WAGGLE-DELIVERY-PLAN-v1.2.md,primenjeno po izveštaju popravljača — pojedinačno nije ponovo provereno,izmena prema izveštaju popravljača; sadržaj nije pojedinačno ponovo proveren,all-fixer-reports.json › fix:WAGGLE-DELIVERY-PLAN-v1.2.md:r2 (veza fajl + krug; izveštaji ne navode ID nalaza),planer (vlasnik paketa),neblokirajuće
critique-continue/checklist/r2/15,r2,critique-continue,checklist,pre-commit staging (before 2758f4e5),MED,Waggle_PRD_v1.2_DRAFT.md,primenjeno po izveštaju popravljača — pojedinačno nije ponovo provereno,izmena prema izveštaju popravljača; sadržaj nije pojedinačno ponovo proveren,all-fixer-reports.json › fix:Waggle_PRD_v1.2_DRAFT.md:r2 (veza fajl + krug; izveštaji ne navode ID nalaza),planer (vlasnik paketa),neblokirajuće
critique-continue/checklist/r2/16,r2,critique-continue,checklist,pre-commit staging (before 2758f4e5),LOW,ADR-INDEX.md,primenjeno po izveštaju popravljača — pojedinačno nije ponovo provereno,izmena prema izveštaju popravljača; sadržaj nije pojedinačno ponovo proveren,all-fixer-reports.json › fix:ADR-INDEX.md:r2 (veza fajl + krug; izveštaji ne navode ID nalaza),planer (vlasnik paketa),neblokirajuće
critique-continue/checklist/r2/17,r2,critique-continue,checklist,pre-commit staging (before 2758f4e5),LOW,SAFE-IMPLEMENTATION-CHECKLIST.md,primenjeno po izveštaju popravljača — pojedinačno nije ponovo provereno,izmena prema izveštaju popravljača; sadržaj nije pojedinačno ponovo proveren,all-fixer-reports.json › fix:SAFE-IMPLEMENTATION-CHECKLIST.md:r2 (veza fajl + krug; izveštaji ne navode ID nalaza),planer (vlasnik paketa),neblokirajuće
critique-continue/checklist/r2/18,r2,critique-continue,checklist,pre-commit staging (before 2758f4e5),LOW,WAGGLE-DELIVERY-PLAN-v1.2.md,primenjeno po izveštaju popravljača — pojedinačno nije ponovo provereno,izmena prema izveštaju popravljača; sadržaj nije pojedinačno ponovo proveren,all-fixer-reports.json › fix:WAGGLE-DELIVERY-PLAN-v1.2.md:r2 (veza fajl + krug; izveštaji ne navode ID nalaza),planer (vlasnik paketa),neblokirajuće
critique-continue/checklist/r2/19,r2,critique-continue,checklist,pre-commit staging (before 2758f4e5),LOW,WAGGLE-DELIVERY-PLAN-v1.2.md,primenjeno po izveštaju popravljača — pojedinačno nije ponovo provereno,izmena prema izveštaju popravljača; sadržaj nije pojedinačno ponovo proveren,all-fixer-reports.json › fix:WAGGLE-DELIVERY-PLAN-v1.2.md:r2 (veza fajl + krug; izveštaji ne navode ID nalaza),planer (vlasnik paketa),neblokirajuće
critique-continue/checklist/r2/20,r2,critique-continue,checklist,pre-commit staging (before 2758f4e5),LOW,Waggle_PRD_v1.2_DRAFT.md,primenjeno po izveštaju popravljača — pojedinačno nije ponovo provereno,izmena prema izveštaju popravljača; sadržaj nije pojedinačno ponovo proveren,all-fixer-reports.json › fix:Waggle_PRD_v1.2_DRAFT.md:r2 (veza fajl + krug; izveštaji ne navode ID nalaza),planer (vlasnik paketa),neblokirajuće
critique-continue/checklist/r3/01,r3,critique-continue,checklist,pre-commit staging (before 2758f4e5),HIGH,WAGGLE-MIGRATIONS-v1.2.md,primenjeno po izveštaju popravljača — pojedinačno nije ponovo provereno,izmena prema izveštaju popravljača; sadržaj nije pojedinačno ponovo proveren,all-fixer-reports.json › fix:WAGGLE-MIGRATIONS-v1.2.md:r3 (veza fajl + krug; izveštaji ne navode ID nalaza),planer (vlasnik paketa),neblokirajuće
critique-continue/checklist/r3/02,r3,critique-continue,checklist,pre-commit staging (before 2758f4e5),MED,SAFE-IMPLEMENTATION-CHECKLIST.md,primenjeno po izveštaju popravljača — pojedinačno nije ponovo provereno,izmena prema izveštaju popravljača; sadržaj nije pojedinačno ponovo proveren,all-fixer-reports.json › fix:SAFE-IMPLEMENTATION-CHECKLIST.md:r3 (veza fajl + krug; izveštaji ne navode ID nalaza),planer (vlasnik paketa),neblokirajuće
critique-continue/checklist/r3/03,r3,critique-continue,checklist,pre-commit staging (before 2758f4e5),MED,SAFE-IMPLEMENTATION-CHECKLIST.md,primenjeno po izveštaju popravljača — pojedinačno nije ponovo provereno,izmena prema izveštaju popravljača; sadržaj nije pojedinačno ponovo proveren,all-fixer-reports.json › fix:SAFE-IMPLEMENTATION-CHECKLIST.md:r3 (veza fajl + krug; izveštaji ne navode ID nalaza),planer (vlasnik paketa),neblokirajuće
critique-continue/checklist/r3/04,r3,critique-continue,checklist,pre-commit staging (before 2758f4e5),MED,WAGGLE-DELIVERY-PLAN-v1.2.md,primenjeno po izveštaju popravljača — pojedinačno nije ponovo provereno,izmena prema izveštaju popravljača; sadržaj nije pojedinačno ponovo proveren,all-fixer-reports.json › fix:WAGGLE-DELIVERY-PLAN-v1.2.md:r3 (veza fajl + krug; izveštaji ne navode ID nalaza),planer (vlasnik paketa),neblokirajuće
critique-continue/checklist/r3/05,r3,critique-continue,checklist,pre-commit staging (before 2758f4e5),MED,WAGGLE-DELIVERY-PLAN-v1.2.md,primenjeno po izveštaju popravljača — pojedinačno nije ponovo provereno,izmena prema izveštaju popravljača; sadržaj nije pojedinačno ponovo proveren,all-fixer-reports.json › fix:WAGGLE-DELIVERY-PLAN-v1.2.md:r3 (veza fajl + krug; izveštaji ne navode ID nalaza),planer (vlasnik paketa),neblokirajuće
critique-continue/checklist/r3/06,r3,critique-continue,checklist,pre-commit staging (before 2758f4e5),MED,WAGGLE-DELIVERY-PLAN-v1.2.md,primenjeno po izveštaju popravljača — pojedinačno nije ponovo provereno,izmena prema izveštaju popravljača; sadržaj nije pojedinačno ponovo proveren,all-fixer-reports.json › fix:WAGGLE-DELIVERY-PLAN-v1.2.md:r3 (veza fajl + krug; izveštaji ne navode ID nalaza),planer (vlasnik paketa),neblokirajuće
critique-continue/checklist/r3/07,r3,critique-continue,checklist,pre-commit staging (before 2758f4e5),MED,2026-09-27-ADR-10-release-privacy-profiles.md,primenjeno po izveštaju popravljača — pojedinačno nije ponovo provereno,izmena prema izveštaju popravljača; sadržaj nije pojedinačno ponovo proveren,all-fixer-reports.json › fix:2026-09-27-ADR-10-release-privacy-profiles.md:r3 (veza fajl + krug; izveštaji ne navode ID nalaza),planer (vlasnik paketa),neblokirajuće
critique-continue/checklist/r3/08,r3,critique-continue,checklist,pre-commit staging (before 2758f4e5),MED,2026-09-27-ADR-08-individual-tiers-kvark-boundary.md,primenjeno po izveštaju popravljača — pojedinačno nije ponovo provereno,izmena prema izveštaju popravljača; sadržaj nije pojedinačno ponovo proveren,all-fixer-reports.json › fix:2026-09-27-ADR-08-individual-tiers-kvark-boundary.md:r3 (veza fajl + krug; izveštaji ne navode ID nalaza),planer (vlasnik paketa),neblokirajuće
critique-continue/checklist/r3/09,r3,critique-continue,checklist,pre-commit staging (before 2758f4e5),MED,Waggle_PRD_v1.2_DRAFT.md,primenjeno po izveštaju popravljača — pojedinačno nije ponovo provereno,izmena prema izveštaju popravljača; sadržaj nije pojedinačno ponovo proveren,all-fixer-reports.json › fix:Waggle_PRD_v1.2_DRAFT.md:r3 (veza fajl + krug; izveštaji ne navode ID nalaza),planer (vlasnik paketa),neblokirajuće
critique-continue/checklist/r3/10,r3,critique-continue,checklist,pre-commit staging (before 2758f4e5),MED,WAGGLE-AUDIT-DISPOSITION-v1.2.md,primenjeno po izveštaju popravljača — pojedinačno nije ponovo provereno,izmena prema izveštaju popravljača; sadržaj nije pojedinačno ponovo proveren,all-fixer-reports.json › fix:WAGGLE-AUDIT-DISPOSITION-v1.2.md:r3 (veza fajl + krug; izveštaji ne navode ID nalaza),planer (vlasnik paketa),neblokirajuće
critique-continue/checklist/r3/11,r3,critique-continue,checklist,pre-commit staging (before 2758f4e5),MED,WAGGLE-BENCHMARK-PROTOCOL-DRAFT.md,primenjeno po izveštaju popravljača — pojedinačno nije ponovo provereno,izmena prema izveštaju popravljača; sadržaj nije pojedinačno ponovo proveren,all-fixer-reports.json › fix:WAGGLE-BENCHMARK-PROTOCOL-DRAFT.md:r3 (veza fajl + krug; izveštaji ne navode ID nalaza),planer (vlasnik paketa),neblokirajuće
critique-continue/checklist/r3/12,r3,critique-continue,checklist,pre-commit staging (before 2758f4e5),LOW,WAGGLE-MIGRATIONS-v1.2.md,primenjeno po izveštaju popravljača — pojedinačno nije ponovo provereno,izmena prema izveštaju popravljača; sadržaj nije pojedinačno ponovo proveren,all-fixer-reports.json › fix:WAGGLE-MIGRATIONS-v1.2.md:r3 (veza fajl + krug; izveštaji ne navode ID nalaza),planer (vlasnik paketa),neblokirajuće
critique-continue/checklist/r3/13,r3,critique-continue,checklist,pre-commit staging (before 2758f4e5),LOW,Waggle_FRD_v1.2_DRAFT.md,primenjeno po izveštaju popravljača — pojedinačno nije ponovo provereno,izmena prema izveštaju popravljača; sadržaj nije pojedinačno ponovo proveren,all-fixer-reports.json › fix:Waggle_FRD_v1.2_DRAFT.md:r3 (veza fajl + krug; izveštaji ne navode ID nalaza),planer (vlasnik paketa),neblokirajuće
critique-continue/checklist/r3/14,r3,critique-continue,checklist,pre-commit staging (before 2758f4e5),LOW,WAGGLE-BENCHMARK-PROTOCOL-DRAFT.md,primenjeno po izveštaju popravljača — pojedinačno nije ponovo provereno,izmena prema izveštaju popravljača; sadržaj nije pojedinačno ponovo proveren,all-fixer-reports.json › fix:WAGGLE-BENCHMARK-PROTOCOL-DRAFT.md:r3 (veza fajl + krug; izveštaji ne navode ID nalaza),planer (vlasnik paketa),neblokirajuće
critique-continue/checklist/r3/15,r3,critique-continue,checklist,pre-commit staging (before 2758f4e5),LOW,WAGGLE-DELIVERY-PLAN-v1.2.md,primenjeno po izveštaju popravljača — pojedinačno nije ponovo provereno,izmena prema izveštaju popravljača; sadržaj nije pojedinačno ponovo proveren,all-fixer-reports.json › fix:WAGGLE-DELIVERY-PLAN-v1.2.md:r3 (veza fajl + krug; izveštaji ne navode ID nalaza),planer (vlasnik paketa),neblokirajuće
critique-continue/checklist/r3/16,r3,critique-continue,checklist,pre-commit staging (before 2758f4e5),LOW,WAGGLE-DELIVERY-PLAN-v1.2.md,primenjeno po izveštaju popravljača — pojedinačno nije ponovo provereno,izmena prema izveštaju popravljača; sadržaj nije pojedinačno ponovo proveren,all-fixer-reports.json › fix:WAGGLE-DELIVERY-PLAN-v1.2.md:r3 (veza fajl + krug; izveštaji ne navode ID nalaza),planer (vlasnik paketa),neblokirajuće
critique-continue/checklist/r3/17,r3,critique-continue,checklist,pre-commit staging (before 2758f4e5),LOW,WAGGLE-DELIVERY-PLAN-v1.2.md,primenjeno po izveštaju popravljača — pojedinačno nije ponovo provereno,izmena prema izveštaju popravljača; sadržaj nije pojedinačno ponovo proveren,all-fixer-reports.json › fix:WAGGLE-DELIVERY-PLAN-v1.2.md:r3 (veza fajl + krug; izveštaji ne navode ID nalaza),planer (vlasnik paketa),neblokirajuće
critique-continue/checklist/r3/18,r3,critique-continue,checklist,pre-commit staging (before 2758f4e5),LOW,2026-09-27-ADR-09-secondary-worker-parity.md,primenjeno po izveštaju popravljača — pojedinačno nije ponovo provereno,izmena prema izveštaju popravljača; sadržaj nije pojedinačno ponovo proveren,all-fixer-reports.json › fix:2026-09-27-ADR-09-secondary-worker-parity.md:r3 (veza fajl + krug; izveštaji ne navode ID nalaza),planer (vlasnik paketa),neblokirajuće
critique-continue/checklist/r3/19,r3,critique-continue,checklist,pre-commit staging (before 2758f4e5),LOW,2026-09-27-ADR-01-conversation-work-modes.md,primenjeno po izveštaju popravljača — pojedinačno nije ponovo provereno,izmena prema izveštaju popravljača; sadržaj nije pojedinačno ponovo proveren,all-fixer-reports.json › fix:2026-09-27-ADR-01-conversation-work-modes.md:r3 (veza fajl + krug; izveštaji ne navode ID nalaza),planer (vlasnik paketa),neblokirajuće
critique-continue/checklist/r3/20,r3,critique-continue,checklist,pre-commit staging (before 2758f4e5),LOW,SAFE-IMPLEMENTATION-CHECKLIST.md,primenjeno po izveštaju popravljača — pojedinačno nije ponovo provereno,izmena prema izveštaju popravljača; sadržaj nije pojedinačno ponovo proveren,all-fixer-reports.json › fix:SAFE-IMPLEMENTATION-CHECKLIST.md:r3 (veza fajl + krug; izveštaji ne navode ID nalaza),planer (vlasnik paketa),neblokirajuće
critique-continue/checklist/r3/21,r3,critique-continue,checklist,pre-commit staging (before 2758f4e5),LOW,WAGGLE-AUDIT-DISPOSITION-v1.2.md,primenjeno po izveštaju popravljača — pojedinačno nije ponovo provereno,izmena prema izveštaju popravljača; sadržaj nije pojedinačno ponovo proveren,all-fixer-reports.json › fix:WAGGLE-AUDIT-DISPOSITION-v1.2.md:r3 (veza fajl + krug; izveštaji ne navode ID nalaza),planer (vlasnik paketa),neblokirajuće
critique-continue/estimates/r3/01,r3,critique-continue,estimates,pre-commit staging (before 2758f4e5),HIGH,WAGGLE-DELIVERY-PLAN-v1.2.md,primenjeno po izveštaju popravljača — pojedinačno nije ponovo provereno,izmena prema izveštaju popravljača; sadržaj nije pojedinačno ponovo proveren,all-fixer-reports.json › fix:WAGGLE-DELIVERY-PLAN-v1.2.md:r3 (veza fajl + krug; izveštaji ne navode ID nalaza),planer (vlasnik paketa),neblokirajuće
critique-continue/estimates/r3/02,r3,critique-continue,estimates,pre-commit staging (before 2758f4e5),MED,WAGGLE-BENCHMARK-PROTOCOL-DRAFT.md,primenjeno po izveštaju popravljača — pojedinačno nije ponovo provereno,izmena prema izveštaju popravljača; sadržaj nije pojedinačno ponovo proveren,all-fixer-reports.json › fix:WAGGLE-BENCHMARK-PROTOCOL-DRAFT.md:r3 (veza fajl + krug; izveštaji ne navode ID nalaza),planer (vlasnik paketa),neblokirajuće
critique-continue/estimates/r3/03,r3,critique-continue,estimates,pre-commit staging (before 2758f4e5),MED,WAGGLE-DELIVERY-PLAN-v1.2.md,primenjeno po izveštaju popravljača — pojedinačno nije ponovo provereno,izmena prema izveštaju popravljača; sadržaj nije pojedinačno ponovo proveren,all-fixer-reports.json › fix:WAGGLE-DELIVERY-PLAN-v1.2.md:r3 (veza fajl + krug; izveštaji ne navode ID nalaza),planer (vlasnik paketa),neblokirajuće
critique-continue/estimates/r3/04,r3,critique-continue,estimates,pre-commit staging (before 2758f4e5),MED,WAGGLE-DELIVERY-PLAN-v1.2.md,primenjeno po izveštaju popravljača — pojedinačno nije ponovo provereno,izmena prema izveštaju popravljača; sadržaj nije pojedinačno ponovo proveren,all-fixer-reports.json › fix:WAGGLE-DELIVERY-PLAN-v1.2.md:r3 (veza fajl + krug; izveštaji ne navode ID nalaza),planer (vlasnik paketa),neblokirajuće
critique-continue/estimates/r3/05,r3,critique-continue,estimates,pre-commit staging (before 2758f4e5),MED,WAGGLE-DELIVERY-PLAN-v1.2.md,primenjeno po izveštaju popravljača — pojedinačno nije ponovo provereno,izmena prema izveštaju popravljača; sadržaj nije pojedinačno ponovo proveren,all-fixer-reports.json › fix:WAGGLE-DELIVERY-PLAN-v1.2.md:r3 (veza fajl + krug; izveštaji ne navode ID nalaza),planer (vlasnik paketa),neblokirajuće
critique-continue/estimates/r3/06,r3,critique-continue,estimates,pre-commit staging (before 2758f4e5),MED,WAGGLE-DELIVERY-PLAN-v1.2.md,primenjeno po izveštaju popravljača — pojedinačno nije ponovo provereno,izmena prema izveštaju popravljača; sadržaj nije pojedinačno ponovo proveren,all-fixer-reports.json › fix:WAGGLE-DELIVERY-PLAN-v1.2.md:r3 (veza fajl + krug; izveštaji ne navode ID nalaza),planer (vlasnik paketa),neblokirajuće
critique-continue/estimates/r3/07,r3,critique-continue,estimates,pre-commit staging (before 2758f4e5),MED,WAGGLE-MIGRATIONS-v1.2.md,primenjeno po izveštaju popravljača — pojedinačno nije ponovo provereno,izmena prema izveštaju popravljača; sadržaj nije pojedinačno ponovo proveren,all-fixer-reports.json › fix:WAGGLE-MIGRATIONS-v1.2.md:r3 (veza fajl + krug; izveštaji ne navode ID nalaza),planer (vlasnik paketa),neblokirajuće
critique-continue/estimates/r3/08,r3,critique-continue,estimates,pre-commit staging (before 2758f4e5),LOW,WAGGLE-DELIVERY-PLAN-v1.2.md,primenjeno po izveštaju popravljača — pojedinačno nije ponovo provereno,izmena prema izveštaju popravljača; sadržaj nije pojedinačno ponovo proveren,all-fixer-reports.json › fix:WAGGLE-DELIVERY-PLAN-v1.2.md:r3 (veza fajl + krug; izveštaji ne navode ID nalaza),planer (vlasnik paketa),neblokirajuće
critique-continue/estimates/r3/09,r3,critique-continue,estimates,pre-commit staging (before 2758f4e5),LOW,WAGGLE-DELIVERY-PLAN-v1.2.md,primenjeno po izveštaju popravljača — pojedinačno nije ponovo provereno,izmena prema izveštaju popravljača; sadržaj nije pojedinačno ponovo proveren,all-fixer-reports.json › fix:WAGGLE-DELIVERY-PLAN-v1.2.md:r3 (veza fajl + krug; izveštaji ne navode ID nalaza),planer (vlasnik paketa),neblokirajuće
critique-continue/estimates/r3/10,r3,critique-continue,estimates,pre-commit staging (before 2758f4e5),LOW,WAGGLE-DELIVERY-PLAN-v1.2.md,primenjeno po izveštaju popravljača — pojedinačno nije ponovo provereno,izmena prema izveštaju popravljača; sadržaj nije pojedinačno ponovo proveren,all-fixer-reports.json › fix:WAGGLE-DELIVERY-PLAN-v1.2.md:r3 (veza fajl + krug; izveštaji ne navode ID nalaza),planer (vlasnik paketa),neblokirajuće
critique-continue/estimates/r3/11,r3,critique-continue,estimates,pre-commit staging (before 2758f4e5),LOW,WAGGLE-DELIVERY-PLAN-v1.2.md,primenjeno po izveštaju popravljača — pojedinačno nije ponovo provereno,izmena prema izveštaju popravljača; sadržaj nije pojedinačno ponovo proveren,all-fixer-reports.json › fix:WAGGLE-DELIVERY-PLAN-v1.2.md:r3 (veza fajl + krug; izveštaji ne navode ID nalaza),planer (vlasnik paketa),neblokirajuće
critique-continue/estimates/r3/12,r3,critique-continue,estimates,pre-commit staging (before 2758f4e5),LOW,WAGGLE-DELIVERY-PLAN-v1.2.md,primenjeno po izveštaju popravljača — pojedinačno nije ponovo provereno,izmena prema izveštaju popravljača; sadržaj nije pojedinačno ponovo proveren,all-fixer-reports.json › fix:WAGGLE-DELIVERY-PLAN-v1.2.md:r3 (veza fajl + krug; izveštaji ne navode ID nalaza),planer (vlasnik paketa),neblokirajuće
critique-continue/estimates/r3/13,r3,critique-continue,estimates,pre-commit staging (before 2758f4e5),LOW,WAGGLE-DELIVERY-PLAN-v1.2.md,primenjeno po izveštaju popravljača — pojedinačno nije ponovo provereno,izmena prema izveštaju popravljača; sadržaj nije pojedinačno ponovo proveren,all-fixer-reports.json › fix:WAGGLE-DELIVERY-PLAN-v1.2.md:r3 (veza fajl + krug; izveštaji ne navode ID nalaza),planer (vlasnik paketa),neblokirajuće
critique-continue/estimates/r3/14,r3,critique-continue,estimates,pre-commit staging (before 2758f4e5),LOW,WAGGLE-DELIVERY-PLAN-v1.2.md,primenjeno po izveštaju popravljača — pojedinačno nije ponovo provereno,izmena prema izveštaju popravljača; sadržaj nije pojedinačno ponovo proveren,all-fixer-reports.json › fix:WAGGLE-DELIVERY-PLAN-v1.2.md:r3 (veza fajl + krug; izveštaji ne navode ID nalaza),planer (vlasnik paketa),neblokirajuće
critique-continue/estimates/r3/15,r3,critique-continue,estimates,pre-commit staging (before 2758f4e5),LOW,WAGGLE-DELIVERY-PLAN-v1.2.md,primenjeno po izveštaju popravljača — pojedinačno nije ponovo provereno,izmena prema izveštaju popravljača; sadržaj nije pojedinačno ponovo proveren,all-fixer-reports.json › fix:WAGGLE-DELIVERY-PLAN-v1.2.md:r3 (veza fajl + krug; izveštaji ne navode ID nalaza),planer (vlasnik paketa),neblokirajuće
critique-continue/estimates/r3/16,r3,critique-continue,estimates,pre-commit staging (before 2758f4e5),LOW,WAGGLE-DELIVERY-PLAN-v1.2.md,primenjeno po izveštaju popravljača — pojedinačno nije ponovo provereno,izmena prema izveštaju popravljača; sadržaj nije pojedinačno ponovo proveren,all-fixer-reports.json › fix:WAGGLE-DELIVERY-PLAN-v1.2.md:r3 (veza fajl + krug; izveštaji ne navode ID nalaza),planer (vlasnik paketa),neblokirajuće
critique-continue/estimates/r3/17,r3,critique-continue,estimates,pre-commit staging (before 2758f4e5),LOW,WAGGLE-DELIVERY-PLAN-v1.2.md,primenjeno po izveštaju popravljača — pojedinačno nije ponovo provereno,izmena prema izveštaju popravljača; sadržaj nije pojedinačno ponovo proveren,all-fixer-reports.json › fix:WAGGLE-DELIVERY-PLAN-v1.2.md:r3 (veza fajl + krug; izveštaji ne navode ID nalaza),planer (vlasnik paketa),neblokirajuće
critique-continue/estimates/r3/18,r3,critique-continue,estimates,pre-commit staging (before 2758f4e5),LOW,WAGGLE-DELIVERY-PLAN-v1.2.md,primenjeno po izveštaju popravljača — pojedinačno nije ponovo provereno,izmena prema izveštaju popravljača; sadržaj nije pojedinačno ponovo proveren,all-fixer-reports.json › fix:WAGGLE-DELIVERY-PLAN-v1.2.md:r3 (veza fajl + krug; izveštaji ne navode ID nalaza),planer (vlasnik paketa),neblokirajuće
critique-continue/estimates/r3/19,r3,critique-continue,estimates,pre-commit staging (before 2758f4e5),LOW,WAGGLE-DELIVERY-PLAN-v1.2.md,primenjeno po izveštaju popravljača — pojedinačno nije ponovo provereno,izmena prema izveštaju popravljača; sadržaj nije pojedinačno ponovo proveren,all-fixer-reports.json › fix:WAGGLE-DELIVERY-PLAN-v1.2.md:r3 (veza fajl + krug; izveštaji ne navode ID nalaza),planer (vlasnik paketa),neblokirajuće
critique-continue/estimates/r3/20,r3,critique-continue,estimates,pre-commit staging (before 2758f4e5),LOW,WAGGLE-AUDIT-DISPOSITION-v1.2.md,primenjeno po izveštaju popravljača — pojedinačno nije ponovo provereno,izmena prema izveštaju popravljača; sadržaj nije pojedinačno ponovo proveren,all-fixer-reports.json › fix:WAGGLE-AUDIT-DISPOSITION-v1.2.md:r3 (veza fajl + krug; izveštaji ne navode ID nalaza),planer (vlasnik paketa),neblokirajuće
critique-continue/traceability/r3/01,r3,critique-continue,traceability,pre-commit staging (before 2758f4e5),MED,Waggle_FRD_v1.2_DRAFT.md,primenjeno po izveštaju popravljača — pojedinačno nije ponovo provereno,izmena prema izveštaju popravljača; sadržaj nije pojedinačno ponovo proveren,all-fixer-reports.json › fix:Waggle_FRD_v1.2_DRAFT.md:r3 (veza fajl + krug; izveštaji ne navode ID nalaza),planer (vlasnik paketa),neblokirajuće
critique-continue/traceability/r3/02,r3,critique-continue,traceability,pre-commit staging (before 2758f4e5),MED,WAGGLE-AUDIT-DISPOSITION-v1.2.md,primenjeno po izveštaju popravljača — pojedinačno nije ponovo provereno,izmena prema izveštaju popravljača; sadržaj nije pojedinačno ponovo proveren,all-fixer-reports.json › fix:WAGGLE-AUDIT-DISPOSITION-v1.2.md:r3 (veza fajl + krug; izveštaji ne navode ID nalaza),planer (vlasnik paketa),neblokirajuće
critique-continue/traceability/r3/03,r3,critique-continue,traceability,pre-commit staging (before 2758f4e5),MED,WAGGLE-AUDIT-DISPOSITION-v1.2.md,primenjeno po izveštaju popravljača — pojedinačno nije ponovo provereno,izmena prema izveštaju popravljača; sadržaj nije pojedinačno ponovo proveren,all-fixer-reports.json › fix:WAGGLE-AUDIT-DISPOSITION-v1.2.md:r3 (veza fajl + krug; izveštaji ne navode ID nalaza),planer (vlasnik paketa),neblokirajuće
critique-continue/traceability/r3/04,r3,critique-continue,traceability,pre-commit staging (before 2758f4e5),MED,WAGGLE-DELIVERY-PLAN-v1.2.md,primenjeno po izveštaju popravljača — pojedinačno nije ponovo provereno,izmena prema izveštaju popravljača; sadržaj nije pojedinačno ponovo proveren,all-fixer-reports.json › fix:WAGGLE-DELIVERY-PLAN-v1.2.md:r3 (veza fajl + krug; izveštaji ne navode ID nalaza),planer (vlasnik paketa),neblokirajuće
critique-continue/traceability/r3/05,r3,critique-continue,traceability,pre-commit staging (before 2758f4e5),MED,2026-09-27-ADR-10-release-privacy-profiles.md,primenjeno po izveštaju popravljača — pojedinačno nije ponovo provereno,izmena prema izveštaju popravljača; sadržaj nije pojedinačno ponovo proveren,all-fixer-reports.json › fix:2026-09-27-ADR-10-release-privacy-profiles.md:r3 (veza fajl + krug; izveštaji ne navode ID nalaza),planer (vlasnik paketa),neblokirajuće
critique-continue/traceability/r3/06,r3,critique-continue,traceability,pre-commit staging (before 2758f4e5),MED,2026-09-27-ADR-08-individual-tiers-kvark-boundary.md,primenjeno po izveštaju popravljača — pojedinačno nije ponovo provereno,izmena prema izveštaju popravljača; sadržaj nije pojedinačno ponovo proveren,all-fixer-reports.json › fix:2026-09-27-ADR-08-individual-tiers-kvark-boundary.md:r3 (veza fajl + krug; izveštaji ne navode ID nalaza),planer (vlasnik paketa),neblokirajuće
critique-continue/traceability/r3/07,r3,critique-continue,traceability,pre-commit staging (before 2758f4e5),MED,WAGGLE-BENCHMARK-PROTOCOL-DRAFT.md,primenjeno po izveštaju popravljača — pojedinačno nije ponovo provereno,izmena prema izveštaju popravljača; sadržaj nije pojedinačno ponovo proveren,all-fixer-reports.json › fix:WAGGLE-BENCHMARK-PROTOCOL-DRAFT.md:r3 (veza fajl + krug; izveštaji ne navode ID nalaza),planer (vlasnik paketa),neblokirajuće
critique-continue/traceability/r3/08,r3,critique-continue,traceability,pre-commit staging (before 2758f4e5),MED,Waggle_FRD_v1.2_DRAFT.md,primenjeno po izveštaju popravljača — pojedinačno nije ponovo provereno,izmena prema izveštaju popravljača; sadržaj nije pojedinačno ponovo proveren,all-fixer-reports.json › fix:Waggle_FRD_v1.2_DRAFT.md:r3 (veza fajl + krug; izveštaji ne navode ID nalaza),planer (vlasnik paketa),neblokirajuće
critique-continue/traceability/r3/09,r3,critique-continue,traceability,pre-commit staging (before 2758f4e5),MED,WAGGLE-AUDIT-DISPOSITION-v1.2.md,primenjeno po izveštaju popravljača — pojedinačno nije ponovo provereno,izmena prema izveštaju popravljača; sadržaj nije pojedinačno ponovo proveren,all-fixer-reports.json › fix:WAGGLE-AUDIT-DISPOSITION-v1.2.md:r3 (veza fajl + krug; izveštaji ne navode ID nalaza),planer (vlasnik paketa),neblokirajuće
critique-continue/traceability/r3/10,r3,critique-continue,traceability,pre-commit staging (before 2758f4e5),LOW,Waggle_PRD_v1.2_DRAFT.md,primenjeno po izveštaju popravljača — pojedinačno nije ponovo provereno,izmena prema izveštaju popravljača; sadržaj nije pojedinačno ponovo proveren,all-fixer-reports.json › fix:Waggle_PRD_v1.2_DRAFT.md:r3 (veza fajl + krug; izveštaji ne navode ID nalaza),planer (vlasnik paketa),neblokirajuće
critique-continue/traceability/r3/11,r3,critique-continue,traceability,pre-commit staging (before 2758f4e5),LOW,Waggle_FRD_v1.2_DRAFT.md,primenjeno po izveštaju popravljača — pojedinačno nije ponovo provereno,izmena prema izveštaju popravljača; sadržaj nije pojedinačno ponovo proveren,all-fixer-reports.json › fix:Waggle_FRD_v1.2_DRAFT.md:r3 (veza fajl + krug; izveštaji ne navode ID nalaza),planer (vlasnik paketa),neblokirajuće
critique-continue/traceability/r3/12,r3,critique-continue,traceability,pre-commit staging (before 2758f4e5),LOW,Waggle_PRD_v1.2_DRAFT.md,primenjeno po izveštaju popravljača — pojedinačno nije ponovo provereno,izmena prema izveštaju popravljača; sadržaj nije pojedinačno ponovo proveren,all-fixer-reports.json › fix:Waggle_PRD_v1.2_DRAFT.md:r3 (veza fajl + krug; izveštaji ne navode ID nalaza),planer (vlasnik paketa),neblokirajuće
critique-continue/traceability/r3/13,r3,critique-continue,traceability,pre-commit staging (before 2758f4e5),LOW,WAGGLE-AUDIT-DISPOSITION-v1.2.md,primenjeno po izveštaju popravljača — pojedinačno nije ponovo provereno,izmena prema izveštaju popravljača; sadržaj nije pojedinačno ponovo proveren,all-fixer-reports.json › fix:WAGGLE-AUDIT-DISPOSITION-v1.2.md:r3 (veza fajl + krug; izveštaji ne navode ID nalaza),planer (vlasnik paketa),neblokirajuće
critique-continue/traceability/r3/14,r3,critique-continue,traceability,pre-commit staging (before 2758f4e5),LOW,WAGGLE-MIGRATIONS-v1.2.md,primenjeno po izveštaju popravljača — pojedinačno nije ponovo provereno,izmena prema izveštaju popravljača; sadržaj nije pojedinačno ponovo proveren,all-fixer-reports.json › fix:WAGGLE-MIGRATIONS-v1.2.md:r3 (veza fajl + krug; izveštaji ne navode ID nalaza),planer (vlasnik paketa),neblokirajuće
critique-continue/traceability/r3/15,r3,critique-continue,traceability,pre-commit staging (before 2758f4e5),LOW,2026-09-27-ADR-10-release-privacy-profiles.md,primenjeno po izveštaju popravljača — pojedinačno nije ponovo provereno,izmena prema izveštaju popravljača; sadržaj nije pojedinačno ponovo proveren,all-fixer-reports.json › fix:2026-09-27-ADR-10-release-privacy-profiles.md:r3 (veza fajl + krug; izveštaji ne navode ID nalaza),planer (vlasnik paketa),neblokirajuće
critique-continue/traceability/r3/16,r3,critique-continue,traceability,pre-commit staging (before 2758f4e5),LOW,WAGGLE-AUDIT-DISPOSITION-v1.2.md,primenjeno po izveštaju popravljača — pojedinačno nije ponovo provereno,izmena prema izveštaju popravljača; sadržaj nije pojedinačno ponovo proveren,all-fixer-reports.json › fix:WAGGLE-AUDIT-DISPOSITION-v1.2.md:r3 (veza fajl + krug; izveštaji ne navode ID nalaza),planer (vlasnik paketa),neblokirajuće
critique-continue/traceability/r3/17,r3,critique-continue,traceability,pre-commit staging (before 2758f4e5),LOW,ADR-INDEX.md,primenjeno po izveštaju popravljača — pojedinačno nije ponovo provereno,izmena prema izveštaju popravljača; sadržaj nije pojedinačno ponovo proveren,all-fixer-reports.json › fix:ADR-INDEX.md:r3 (veza fajl + krug; izveštaji ne navode ID nalaza),planer (vlasnik paketa),neblokirajuće
critique-continue/traceability/r3/18,r3,critique-continue,traceability,pre-commit staging (before 2758f4e5),LOW,Waggle_FRD_v1.2_DRAFT.md,primenjeno po izveštaju popravljača — pojedinačno nije ponovo provereno,izmena prema izveštaju popravljača; sadržaj nije pojedinačno ponovo proveren,all-fixer-reports.json › fix:Waggle_FRD_v1.2_DRAFT.md:r3 (veza fajl + krug; izveštaji ne navode ID nalaza),planer (vlasnik paketa),neblokirajuće
critique-continue/facts/r3/01,r3,critique-continue,facts,pre-commit staging (before 2758f4e5),MED,Waggle_PRD_v1.2_DRAFT.md,primenjeno po izveštaju popravljača — pojedinačno nije ponovo provereno,izmena prema izveštaju popravljača; sadržaj nije pojedinačno ponovo proveren,all-fixer-reports.json › fix:Waggle_PRD_v1.2_DRAFT.md:r3 (veza fajl + krug; izveštaji ne navode ID nalaza),planer (vlasnik paketa),neblokirajuće
critique-continue/facts/r3/02,r3,critique-continue,facts,pre-commit staging (before 2758f4e5),MED,Waggle_FRD_v1.2_DRAFT.md,primenjeno po izveštaju popravljača — pojedinačno nije ponovo provereno,izmena prema izveštaju popravljača; sadržaj nije pojedinačno ponovo proveren,all-fixer-reports.json › fix:Waggle_FRD_v1.2_DRAFT.md:r3 (veza fajl + krug; izveštaji ne navode ID nalaza),planer (vlasnik paketa),neblokirajuće
critique-continue/facts/r3/03,r3,critique-continue,facts,pre-commit staging (before 2758f4e5),MED,Waggle_FRD_v1.2_DRAFT.md,primenjeno po izveštaju popravljača — pojedinačno nije ponovo provereno,izmena prema izveštaju popravljača; sadržaj nije pojedinačno ponovo proveren,all-fixer-reports.json › fix:Waggle_FRD_v1.2_DRAFT.md:r3 (veza fajl + krug; izveštaji ne navode ID nalaza),planer (vlasnik paketa),neblokirajuće
critique-continue/facts/r3/04,r3,critique-continue,facts,pre-commit staging (before 2758f4e5),MED,WAGGLE-DELIVERY-PLAN-v1.2.md,primenjeno po izveštaju popravljača — pojedinačno nije ponovo provereno,izmena prema izveštaju popravljača; sadržaj nije pojedinačno ponovo proveren,all-fixer-reports.json › fix:WAGGLE-DELIVERY-PLAN-v1.2.md:r3 (veza fajl + krug; izveštaji ne navode ID nalaza),planer (vlasnik paketa),neblokirajuće
critique-continue/facts/r3/05,r3,critique-continue,facts,pre-commit staging (before 2758f4e5),MED,WAGGLE-DELIVERY-PLAN-v1.2.md,primenjeno po izveštaju popravljača — pojedinačno nije ponovo provereno,izmena prema izveštaju popravljača; sadržaj nije pojedinačno ponovo proveren,all-fixer-reports.json › fix:WAGGLE-DELIVERY-PLAN-v1.2.md:r3 (veza fajl + krug; izveštaji ne navode ID nalaza),planer (vlasnik paketa),neblokirajuće
critique-continue/facts/r3/06,r3,critique-continue,facts,pre-commit staging (before 2758f4e5),MED,WAGGLE-AUDIT-DISPOSITION-v1.2.md,primenjeno po izveštaju popravljača — pojedinačno nije ponovo provereno,izmena prema izveštaju popravljača; sadržaj nije pojedinačno ponovo proveren,all-fixer-reports.json › fix:WAGGLE-AUDIT-DISPOSITION-v1.2.md:r3 (veza fajl + krug; izveštaji ne navode ID nalaza),planer (vlasnik paketa),neblokirajuće
critique-continue/facts/r3/07,r3,critique-continue,facts,pre-commit staging (before 2758f4e5),MED,WAGGLE-BUILD-VS-BORROW-v1.2.md,primenjeno po izveštaju popravljača — pojedinačno nije ponovo provereno,izmena prema izveštaju popravljača; sadržaj nije pojedinačno ponovo proveren,all-fixer-reports.json › fix:WAGGLE-BUILD-VS-BORROW-v1.2.md:r3 (veza fajl + krug; izveštaji ne navode ID nalaza),planer (vlasnik paketa),neblokirajuće
critique-continue/facts/r3/08,r3,critique-continue,facts,pre-commit staging (before 2758f4e5),MED,WAGGLE-BENCHMARK-PROTOCOL-DRAFT.md,primenjeno po izveštaju popravljača — pojedinačno nije ponovo provereno,izmena prema izveštaju popravljača; sadržaj nije pojedinačno ponovo proveren,all-fixer-reports.json › fix:WAGGLE-BENCHMARK-PROTOCOL-DRAFT.md:r3 (veza fajl + krug; izveštaji ne navode ID nalaza),planer (vlasnik paketa),neblokirajuće
critique-continue/facts/r3/09,r3,critique-continue,facts,pre-commit staging (before 2758f4e5),LOW,WAGGLE-BENCHMARK-PROTOCOL-DRAFT.md,primenjeno po izveštaju popravljača — pojedinačno nije ponovo provereno,izmena prema izveštaju popravljača; sadržaj nije pojedinačno ponovo proveren,all-fixer-reports.json › fix:WAGGLE-BENCHMARK-PROTOCOL-DRAFT.md:r3 (veza fajl + krug; izveštaji ne navode ID nalaza),planer (vlasnik paketa),neblokirajuće
critique-continue/facts/r3/10,r3,critique-continue,facts,pre-commit staging (before 2758f4e5),MED,2026-09-27-ADR-10-release-privacy-profiles.md,primenjeno po izveštaju popravljača — pojedinačno nije ponovo provereno,izmena prema izveštaju popravljača; sadržaj nije pojedinačno ponovo proveren,all-fixer-reports.json › fix:2026-09-27-ADR-10-release-privacy-profiles.md:r3 (veza fajl + krug; izveštaji ne navode ID nalaza),planer (vlasnik paketa),neblokirajuće
critique-continue/facts/r3/11,r3,critique-continue,facts,pre-commit staging (before 2758f4e5),MED,WAGGLE-MIGRATIONS-v1.2.md,primenjeno po izveštaju popravljača — pojedinačno nije ponovo provereno,izmena prema izveštaju popravljača; sadržaj nije pojedinačno ponovo proveren,all-fixer-reports.json › fix:WAGGLE-MIGRATIONS-v1.2.md:r3 (veza fajl + krug; izveštaji ne navode ID nalaza),planer (vlasnik paketa),neblokirajuće
critique-continue/facts/r3/12,r3,critique-continue,facts,pre-commit staging (before 2758f4e5),LOW,Waggle_PRD_v1.2_DRAFT.md,primenjeno po izveštaju popravljača — pojedinačno nije ponovo provereno,izmena prema izveštaju popravljača; sadržaj nije pojedinačno ponovo proveren,all-fixer-reports.json › fix:Waggle_PRD_v1.2_DRAFT.md:r3 (veza fajl + krug; izveštaji ne navode ID nalaza),planer (vlasnik paketa),neblokirajuće
critique-continue/facts/r3/13,r3,critique-continue,facts,pre-commit staging (before 2758f4e5),LOW,Waggle_PRD_v1.2_DRAFT.md,primenjeno po izveštaju popravljača — pojedinačno nije ponovo provereno,izmena prema izveštaju popravljača; sadržaj nije pojedinačno ponovo proveren,all-fixer-reports.json › fix:Waggle_PRD_v1.2_DRAFT.md:r3 (veza fajl + krug; izveštaji ne navode ID nalaza),planer (vlasnik paketa),neblokirajuće
critique-continue/facts/r3/14,r3,critique-continue,facts,pre-commit staging (before 2758f4e5),LOW,Waggle_FRD_v1.2_DRAFT.md,primenjeno po izveštaju popravljača — pojedinačno nije ponovo provereno,izmena prema izveštaju popravljača; sadržaj nije pojedinačno ponovo proveren,all-fixer-reports.json › fix:Waggle_FRD_v1.2_DRAFT.md:r3 (veza fajl + krug; izveštaji ne navode ID nalaza),planer (vlasnik paketa),neblokirajuće
critique-continue/facts/r3/15,r3,critique-continue,facts,pre-commit staging (before 2758f4e5),LOW,WAGGLE-AUDIT-DISPOSITION-v1.2.md,primenjeno po izveštaju popravljača — pojedinačno nije ponovo provereno,izmena prema izveštaju popravljača; sadržaj nije pojedinačno ponovo proveren,all-fixer-reports.json › fix:WAGGLE-AUDIT-DISPOSITION-v1.2.md:r3 (veza fajl + krug; izveštaji ne navode ID nalaza),planer (vlasnik paketa),neblokirajuće
critique-continue/facts/r3/16,r3,critique-continue,facts,pre-commit staging (before 2758f4e5),LOW,WAGGLE-AUDIT-DISPOSITION-v1.2.md,primenjeno po izveštaju popravljača — pojedinačno nije ponovo provereno,izmena prema izveštaju popravljača; sadržaj nije pojedinačno ponovo proveren,all-fixer-reports.json › fix:WAGGLE-AUDIT-DISPOSITION-v1.2.md:r3 (veza fajl + krug; izveštaji ne navode ID nalaza),planer (vlasnik paketa),neblokirajuće
critique-continue/facts/r3/17,r3,critique-continue,facts,pre-commit staging (before 2758f4e5),LOW,WAGGLE-AUDIT-DISPOSITION-v1.2.md,primenjeno po izveštaju popravljača — pojedinačno nije ponovo provereno,izmena prema izveštaju popravljača; sadržaj nije pojedinačno ponovo proveren,all-fixer-reports.json › fix:WAGGLE-AUDIT-DISPOSITION-v1.2.md:r3 (veza fajl + krug; izveštaji ne navode ID nalaza),planer (vlasnik paketa),neblokirajuće
critique-continue/facts/r3/18,r3,critique-continue,facts,pre-commit staging (before 2758f4e5),LOW,Waggle_PRD_v1.2_DRAFT.md,primenjeno po izveštaju popravljača — pojedinačno nije ponovo provereno,izmena prema izveštaju popravljača; sadržaj nije pojedinačno ponovo proveren,all-fixer-reports.json › fix:Waggle_PRD_v1.2_DRAFT.md:r3 (veza fajl + krug; izveštaji ne navode ID nalaza),planer (vlasnik paketa),neblokirajuće
critique-continue/facts/r3/19,r3,critique-continue,facts,pre-commit staging (before 2758f4e5),LOW,Waggle_PRD_v1.2_DRAFT.md,primenjeno po izveštaju popravljača — pojedinačno nije ponovo provereno,izmena prema izveštaju popravljača; sadržaj nije pojedinačno ponovo proveren,all-fixer-reports.json › fix:Waggle_PRD_v1.2_DRAFT.md:r3 (veza fajl + krug; izveštaji ne navode ID nalaza),planer (vlasnik paketa),neblokirajuće
critique-continue/facts/r3/20,r3,critique-continue,facts,pre-commit staging (before 2758f4e5),LOW,WAGGLE-DELIVERY-PLAN-v1.2.md,primenjeno po izveštaju popravljača — pojedinačno nije ponovo provereno,izmena prema izveštaju popravljača; sadržaj nije pojedinačno ponovo proveren,all-fixer-reports.json › fix:WAGGLE-DELIVERY-PLAN-v1.2.md:r3 (veza fajl + krug; izveštaji ne navode ID nalaza),planer (vlasnik paketa),neblokirajuće
critique-continue/facts/r3/21,r3,critique-continue,facts,pre-commit staging (before 2758f4e5),LOW,2026-09-27-ADR-02-durable-store-phase-resume-action-idempotency.md,primenjeno po izveštaju popravljača — pojedinačno nije ponovo provereno,izmena prema izveštaju popravljača; sadržaj nije pojedinačno ponovo proveren,all-fixer-reports.json › fix:2026-09-27-ADR-02-durable-store-phase-resume-action-idempotency.md:r3 (veza fajl + krug; izveštaji ne navode ID nalaza),planer (vlasnik paketa),neblokirajuće
critique-continue/facts/r3/22,r3,critique-continue,facts,pre-commit staging (before 2758f4e5),LOW,2026-09-27-ADR-10-release-privacy-profiles.md,primenjeno po izveštaju popravljača — pojedinačno nije ponovo provereno,izmena prema izveštaju popravljača; sadržaj nije pojedinačno ponovo proveren,all-fixer-reports.json › fix:2026-09-27-ADR-10-release-privacy-profiles.md:r3 (veza fajl + krug; izveštaji ne navode ID nalaza),planer (vlasnik paketa),neblokirajuće
critique-continue/facts/r3/23,r3,critique-continue,facts,pre-commit staging (before 2758f4e5),LOW,Waggle_PRD_v1.2_DRAFT.md,primenjeno po izveštaju popravljača — pojedinačno nije ponovo provereno,izmena prema izveštaju popravljača; sadržaj nije pojedinačno ponovo proveren,all-fixer-reports.json › fix:Waggle_PRD_v1.2_DRAFT.md:r3 (veza fajl + krug; izveštaji ne navode ID nalaza),planer (vlasnik paketa),neblokirajuće
critique-continue/traceability/r4/01,r4,critique-continue,traceability,pre-commit staging (before 2758f4e5),HIGH,SAFE-IMPLEMENTATION-CHECKLIST.md,primenjeno po izveštaju popravljača — pojedinačno nije ponovo provereno,izmena prema izveštaju popravljača; sadržaj nije pojedinačno ponovo proveren,all-fixer-reports.json › fix:SAFE-IMPLEMENTATION-CHECKLIST.md:r4 (veza fajl + krug; izveštaji ne navode ID nalaza),planer (vlasnik paketa),neblokirajuće
critique-continue/traceability/r4/02,r4,critique-continue,traceability,pre-commit staging (before 2758f4e5),MED,Waggle_FRD_v1.2_DRAFT.md,primenjeno po izveštaju popravljača — pojedinačno nije ponovo provereno,izmena prema izveštaju popravljača; sadržaj nije pojedinačno ponovo proveren,all-fixer-reports.json › fix:Waggle_FRD_v1.2_DRAFT.md:r4-pending (veza fajl + krug; izveštaji ne navode ID nalaza),planer (vlasnik paketa),neblokirajuće
critique-continue/traceability/r4/03,r4,critique-continue,traceability,pre-commit staging (before 2758f4e5),MED,Waggle_FRD_v1.2_DRAFT.md,primenjeno po izveštaju popravljača — pojedinačno nije ponovo provereno,izmena prema izveštaju popravljača; sadržaj nije pojedinačno ponovo proveren,all-fixer-reports.json › fix:Waggle_FRD_v1.2_DRAFT.md:r4-pending (veza fajl + krug; izveštaji ne navode ID nalaza),planer (vlasnik paketa),neblokirajuće
critique-continue/traceability/r4/04,r4,critique-continue,traceability,pre-commit staging (before 2758f4e5),MED,Waggle_FRD_v1.2_DRAFT.md,primenjeno po izveštaju popravljača — pojedinačno nije ponovo provereno,izmena prema izveštaju popravljača; sadržaj nije pojedinačno ponovo proveren,all-fixer-reports.json › fix:Waggle_FRD_v1.2_DRAFT.md:r4-pending (veza fajl + krug; izveštaji ne navode ID nalaza),planer (vlasnik paketa),neblokirajuće
critique-continue/traceability/r4/05,r4,critique-continue,traceability,pre-commit staging (before 2758f4e5),MED,2026-09-27-ADR-10-release-privacy-profiles.md,primenjeno po izveštaju popravljača — pojedinačno nije ponovo provereno,izmena prema izveštaju popravljača; sadržaj nije pojedinačno ponovo proveren,all-fixer-reports.json › fix:2026-09-27-ADR-10-release-privacy-profiles.md:r4 (veza fajl + krug; izveštaji ne navode ID nalaza),planer (vlasnik paketa),neblokirajuće
critique-continue/traceability/r4/06,r4,critique-continue,traceability,pre-commit staging (before 2758f4e5),MED,2026-09-27-ADR-08-individual-tiers-kvark-boundary.md,primenjeno po izveštaju popravljača — pojedinačno nije ponovo provereno,izmena prema izveštaju popravljača; sadržaj nije pojedinačno ponovo proveren,all-fixer-reports.json › fix:2026-09-27-ADR-08-individual-tiers-kvark-boundary.md:r4 (veza fajl + krug; izveštaji ne navode ID nalaza),planer (vlasnik paketa),neblokirajuće
critique-continue/traceability/r4/07,r4,critique-continue,traceability,pre-commit staging (before 2758f4e5),LOW,WAGGLE-AUDIT-DISPOSITION-v1.2.md,primenjeno po izveštaju popravljača — pojedinačno nije ponovo provereno,izmena prema izveštaju popravljača; sadržaj nije pojedinačno ponovo proveren,all-fixer-reports.json › fix:WAGGLE-AUDIT-DISPOSITION-v1.2.md:r4 (veza fajl + krug; izveštaji ne navode ID nalaza),planer (vlasnik paketa),neblokirajuće
critique-continue/traceability/r4/08,r4,critique-continue,traceability,pre-commit staging (before 2758f4e5),LOW,WAGGLE-MIGRATIONS-v1.2.md,primenjeno po izveštaju popravljača — pojedinačno nije ponovo provereno,izmena prema izveštaju popravljača; sadržaj nije pojedinačno ponovo proveren,all-fixer-reports.json › fix:WAGGLE-MIGRATIONS-v1.2.md:r4-pending (veza fajl + krug; izveštaji ne navode ID nalaza),planer (vlasnik paketa),neblokirajuće
critique-continue/traceability/r4/09,r4,critique-continue,traceability,pre-commit staging (before 2758f4e5),LOW,2026-09-27-ADR-02-durable-store-phase-resume-action-idempotency.md,primenjeno po izveštaju popravljača — pojedinačno nije ponovo provereno,izmena prema izveštaju popravljača; sadržaj nije pojedinačno ponovo proveren,all-fixer-reports.json › fix:2026-09-27-ADR-02-durable-store-phase-resume-action-idempotency.md:r4 (veza fajl + krug; izveštaji ne navode ID nalaza),planer (vlasnik paketa),neblokirajuće
critique-continue/traceability/r4/10,r4,critique-continue,traceability,pre-commit staging (before 2758f4e5),LOW,SAFE-IMPLEMENTATION-CHECKLIST.md,primenjeno po izveštaju popravljača — pojedinačno nije ponovo provereno,izmena prema izveštaju popravljača; sadržaj nije pojedinačno ponovo proveren,all-fixer-reports.json › fix:SAFE-IMPLEMENTATION-CHECKLIST.md:r4 (veza fajl + krug; izveštaji ne navode ID nalaza),planer (vlasnik paketa),neblokirajuće
critique-continue/traceability/r4/11,r4,critique-continue,traceability,pre-commit staging (before 2758f4e5),LOW,SAFE-IMPLEMENTATION-CHECKLIST.md,primenjeno po izveštaju popravljača — pojedinačno nije ponovo provereno,izmena prema izveštaju popravljača; sadržaj nije pojedinačno ponovo proveren,all-fixer-reports.json › fix:SAFE-IMPLEMENTATION-CHECKLIST.md:r4 (veza fajl + krug; izveštaji ne navode ID nalaza),planer (vlasnik paketa),neblokirajuće
critique-continue/traceability/r4/12,r4,critique-continue,traceability,pre-commit staging (before 2758f4e5),LOW,WAGGLE-AUDIT-DISPOSITION-v1.2.md,primenjeno po izveštaju popravljača — pojedinačno nije ponovo provereno,izmena prema izveštaju popravljača; sadržaj nije pojedinačno ponovo proveren,all-fixer-reports.json › fix:WAGGLE-AUDIT-DISPOSITION-v1.2.md:r4 (veza fajl + krug; izveštaji ne navode ID nalaza),planer (vlasnik paketa),neblokirajuće
critique-continue/traceability/r4/13,r4,critique-continue,traceability,pre-commit staging (before 2758f4e5),LOW,WAGGLE-AUDIT-DISPOSITION-v1.2.md,primenjeno po izveštaju popravljača — pojedinačno nije ponovo provereno,izmena prema izveštaju popravljača; sadržaj nije pojedinačno ponovo proveren,all-fixer-reports.json › fix:WAGGLE-AUDIT-DISPOSITION-v1.2.md:r4 (veza fajl + krug; izveštaji ne navode ID nalaza),planer (vlasnik paketa),neblokirajuće
critique-continue/estimates/r4/01,r4,critique-continue,estimates,pre-commit staging (before 2758f4e5),MED,WAGGLE-DELIVERY-PLAN-v1.2.md,primenjeno po izveštaju popravljača — pojedinačno nije ponovo provereno,izmena prema izveštaju popravljača; sadržaj nije pojedinačno ponovo proveren,all-fixer-reports.json › fix:WAGGLE-DELIVERY-PLAN-v1.2.md:r4-pending (veza fajl + krug; izveštaji ne navode ID nalaza),planer (vlasnik paketa),neblokirajuće
critique-continue/estimates/r4/02,r4,critique-continue,estimates,pre-commit staging (before 2758f4e5),MED,WAGGLE-DELIVERY-PLAN-v1.2.md,primenjeno po izveštaju popravljača — pojedinačno nije ponovo provereno,izmena prema izveštaju popravljača; sadržaj nije pojedinačno ponovo proveren,all-fixer-reports.json › fix:WAGGLE-DELIVERY-PLAN-v1.2.md:r4-pending (veza fajl + krug; izveštaji ne navode ID nalaza),planer (vlasnik paketa),neblokirajuće
critique-continue/estimates/r4/03,r4,critique-continue,estimates,pre-commit staging (before 2758f4e5),MED,WAGGLE-DELIVERY-PLAN-v1.2.md,primenjeno po izveštaju popravljača — pojedinačno nije ponovo provereno,izmena prema izveštaju popravljača; sadržaj nije pojedinačno ponovo proveren,all-fixer-reports.json › fix:WAGGLE-DELIVERY-PLAN-v1.2.md:r4-pending (veza fajl + krug; izveštaji ne navode ID nalaza),planer (vlasnik paketa),neblokirajuće
critique-continue/estimates/r4/04,r4,critique-continue,estimates,pre-commit staging (before 2758f4e5),MED,WAGGLE-DELIVERY-PLAN-v1.2.md,primenjeno po izveštaju popravljača — pojedinačno nije ponovo provereno,izmena prema izveštaju popravljača; sadržaj nije pojedinačno ponovo proveren,all-fixer-reports.json › fix:WAGGLE-DELIVERY-PLAN-v1.2.md:r4-pending (veza fajl + krug; izveštaji ne navode ID nalaza),planer (vlasnik paketa),neblokirajuće
critique-continue/estimates/r4/05,r4,critique-continue,estimates,pre-commit staging (before 2758f4e5),MED,WAGGLE-DELIVERY-PLAN-v1.2.md,primenjeno po izveštaju popravljača — pojedinačno nije ponovo provereno,izmena prema izveštaju popravljača; sadržaj nije pojedinačno ponovo proveren,all-fixer-reports.json › fix:WAGGLE-DELIVERY-PLAN-v1.2.md:r4-pending (veza fajl + krug; izveštaji ne navode ID nalaza),planer (vlasnik paketa),neblokirajuće
critique-continue/estimates/r4/06,r4,critique-continue,estimates,pre-commit staging (before 2758f4e5),MED,WAGGLE-MIGRATIONS-v1.2.md,primenjeno po izveštaju popravljača — pojedinačno nije ponovo provereno,izmena prema izveštaju popravljača; sadržaj nije pojedinačno ponovo proveren,all-fixer-reports.json › fix:WAGGLE-MIGRATIONS-v1.2.md:r4-pending (veza fajl + krug; izveštaji ne navode ID nalaza),planer (vlasnik paketa),neblokirajuće
critique-continue/estimates/r4/07,r4,critique-continue,estimates,pre-commit staging (before 2758f4e5),MED,WAGGLE-DELIVERY-PLAN-v1.2.md,primenjeno po izveštaju popravljača — pojedinačno nije ponovo provereno,izmena prema izveštaju popravljača; sadržaj nije pojedinačno ponovo proveren,all-fixer-reports.json › fix:WAGGLE-DELIVERY-PLAN-v1.2.md:r4-pending (veza fajl + krug; izveštaji ne navode ID nalaza),planer (vlasnik paketa),neblokirajuće
critique-continue/estimates/r4/08,r4,critique-continue,estimates,pre-commit staging (before 2758f4e5),MED,WAGGLE-DELIVERY-PLAN-v1.2.md,primenjeno po izveštaju popravljača — pojedinačno nije ponovo provereno,izmena prema izveštaju popravljača; sadržaj nije pojedinačno ponovo proveren,all-fixer-reports.json › fix:WAGGLE-DELIVERY-PLAN-v1.2.md:r4-pending (veza fajl + krug; izveštaji ne navode ID nalaza),planer (vlasnik paketa),neblokirajuće
critique-continue/estimates/r4/09,r4,critique-continue,estimates,pre-commit staging (before 2758f4e5),LOW,WAGGLE-DELIVERY-PLAN-v1.2.md,primenjeno po izveštaju popravljača — pojedinačno nije ponovo provereno,izmena prema izveštaju popravljača; sadržaj nije pojedinačno ponovo proveren,all-fixer-reports.json › fix:WAGGLE-DELIVERY-PLAN-v1.2.md:r4-pending (veza fajl + krug; izveštaji ne navode ID nalaza),planer (vlasnik paketa),neblokirajuće
critique-continue/estimates/r4/10,r4,critique-continue,estimates,pre-commit staging (before 2758f4e5),LOW,WAGGLE-DELIVERY-PLAN-v1.2.md,primenjeno po izveštaju popravljača — pojedinačno nije ponovo provereno,izmena prema izveštaju popravljača; sadržaj nije pojedinačno ponovo proveren,all-fixer-reports.json › fix:WAGGLE-DELIVERY-PLAN-v1.2.md:r4-pending (veza fajl + krug; izveštaji ne navode ID nalaza),planer (vlasnik paketa),neblokirajuće
critique-continue/estimates/r4/11,r4,critique-continue,estimates,pre-commit staging (before 2758f4e5),LOW,WAGGLE-DELIVERY-PLAN-v1.2.md,primenjeno po izveštaju popravljača — pojedinačno nije ponovo provereno,izmena prema izveštaju popravljača; sadržaj nije pojedinačno ponovo proveren,all-fixer-reports.json › fix:WAGGLE-DELIVERY-PLAN-v1.2.md:r4-pending (veza fajl + krug; izveštaji ne navode ID nalaza),planer (vlasnik paketa),neblokirajuće
critique-continue/estimates/r4/12,r4,critique-continue,estimates,pre-commit staging (before 2758f4e5),LOW,WAGGLE-BENCHMARK-PROTOCOL-DRAFT.md,primenjeno po izveštaju popravljača — pojedinačno nije ponovo provereno,izmena prema izveštaju popravljača; sadržaj nije pojedinačno ponovo proveren,all-fixer-reports.json › fix:WAGGLE-BENCHMARK-PROTOCOL-DRAFT.md:r4 (veza fajl + krug; izveštaji ne navode ID nalaza),planer (vlasnik paketa),neblokirajuće
critique-continue/estimates/r4/13,r4,critique-continue,estimates,pre-commit staging (before 2758f4e5),LOW,WAGGLE-BENCHMARK-PROTOCOL-DRAFT.md,primenjeno po izveštaju popravljača — pojedinačno nije ponovo provereno,izmena prema izveštaju popravljača; sadržaj nije pojedinačno ponovo proveren,all-fixer-reports.json › fix:WAGGLE-BENCHMARK-PROTOCOL-DRAFT.md:r4 (veza fajl + krug; izveštaji ne navode ID nalaza),planer (vlasnik paketa),neblokirajuće
critique-continue/estimates/r4/14,r4,critique-continue,estimates,pre-commit staging (before 2758f4e5),LOW,WAGGLE-DELIVERY-PLAN-v1.2.md,primenjeno po izveštaju popravljača — pojedinačno nije ponovo provereno,izmena prema izveštaju popravljača; sadržaj nije pojedinačno ponovo proveren,all-fixer-reports.json › fix:WAGGLE-DELIVERY-PLAN-v1.2.md:r4-pending (veza fajl + krug; izveštaji ne navode ID nalaza),planer (vlasnik paketa),neblokirajuće
critique-continue/estimates/r4/15,r4,critique-continue,estimates,pre-commit staging (before 2758f4e5),LOW,WAGGLE-DELIVERY-PLAN-v1.2.md,primenjeno po izveštaju popravljača — pojedinačno nije ponovo provereno,izmena prema izveštaju popravljača; sadržaj nije pojedinačno ponovo proveren,all-fixer-reports.json › fix:WAGGLE-DELIVERY-PLAN-v1.2.md:r4-pending (veza fajl + krug; izveštaji ne navode ID nalaza),planer (vlasnik paketa),neblokirajuće
critique-continue/estimates/r4/16,r4,critique-continue,estimates,pre-commit staging (before 2758f4e5),LOW,WAGGLE-DELIVERY-PLAN-v1.2.md,primenjeno po izveštaju popravljača — pojedinačno nije ponovo provereno,izmena prema izveštaju popravljača; sadržaj nije pojedinačno ponovo proveren,all-fixer-reports.json › fix:WAGGLE-DELIVERY-PLAN-v1.2.md:r4-pending (veza fajl + krug; izveštaji ne navode ID nalaza),planer (vlasnik paketa),neblokirajuće
critique-continue/estimates/r4/17,r4,critique-continue,estimates,pre-commit staging (before 2758f4e5),LOW,WAGGLE-DELIVERY-PLAN-v1.2.md,primenjeno po izveštaju popravljača — pojedinačno nije ponovo provereno,izmena prema izveštaju popravljača; sadržaj nije pojedinačno ponovo proveren,all-fixer-reports.json › fix:WAGGLE-DELIVERY-PLAN-v1.2.md:r4-pending (veza fajl + krug; izveštaji ne navode ID nalaza),planer (vlasnik paketa),neblokirajuće
critique-continue/estimates/r4/18,r4,critique-continue,estimates,pre-commit staging (before 2758f4e5),LOW,WAGGLE-DELIVERY-PLAN-v1.2.md,primenjeno po izveštaju popravljača — pojedinačno nije ponovo provereno,izmena prema izveštaju popravljača; sadržaj nije pojedinačno ponovo proveren,all-fixer-reports.json › fix:WAGGLE-DELIVERY-PLAN-v1.2.md:r4-pending (veza fajl + krug; izveštaji ne navode ID nalaza),planer (vlasnik paketa),neblokirajuće
critique-continue/estimates/r4/19,r4,critique-continue,estimates,pre-commit staging (before 2758f4e5),LOW,WAGGLE-DELIVERY-PLAN-v1.2.md,primenjeno po izveštaju popravljača — pojedinačno nije ponovo provereno,izmena prema izveštaju popravljača; sadržaj nije pojedinačno ponovo proveren,all-fixer-reports.json › fix:WAGGLE-DELIVERY-PLAN-v1.2.md:r4-pending (veza fajl + krug; izveštaji ne navode ID nalaza),planer (vlasnik paketa),neblokirajuće
critique-continue/checklist/r4/01,r4,critique-continue,checklist,pre-commit staging (before 2758f4e5),HIGH,SAFE-IMPLEMENTATION-CHECKLIST.md,primenjeno po izveštaju popravljača — pojedinačno nije ponovo provereno,izmena prema izveštaju popravljača; sadržaj nije pojedinačno ponovo proveren,all-fixer-reports.json › fix:SAFE-IMPLEMENTATION-CHECKLIST.md:r4 (veza fajl + krug; izveštaji ne navode ID nalaza),planer (vlasnik paketa),neblokirajuće
critique-continue/checklist/r4/02,r4,critique-continue,checklist,pre-commit staging (before 2758f4e5),MED,SAFE-IMPLEMENTATION-CHECKLIST.md,primenjeno po izveštaju popravljača — pojedinačno nije ponovo provereno,izmena prema izveštaju popravljača; sadržaj nije pojedinačno ponovo proveren,all-fixer-reports.json › fix:SAFE-IMPLEMENTATION-CHECKLIST.md:r4 (veza fajl + krug; izveštaji ne navode ID nalaza),planer (vlasnik paketa),neblokirajuće
critique-continue/checklist/r4/03,r4,critique-continue,checklist,pre-commit staging (before 2758f4e5),MED,WAGGLE-AUDIT-DISPOSITION-v1.2.md,primenjeno po izveštaju popravljača — pojedinačno nije ponovo provereno,izmena prema izveštaju popravljača; sadržaj nije pojedinačno ponovo proveren,all-fixer-reports.json › fix:WAGGLE-AUDIT-DISPOSITION-v1.2.md:r4 (veza fajl + krug; izveštaji ne navode ID nalaza),planer (vlasnik paketa),neblokirajuće
critique-continue/checklist/r4/04,r4,critique-continue,checklist,pre-commit staging (before 2758f4e5),MED,WAGGLE-DELIVERY-PLAN-v1.2.md,primenjeno po izveštaju popravljača — pojedinačno nije ponovo provereno,izmena prema izveštaju popravljača; sadržaj nije pojedinačno ponovo proveren,all-fixer-reports.json › fix:WAGGLE-DELIVERY-PLAN-v1.2.md:r4-pending (veza fajl + krug; izveštaji ne navode ID nalaza),planer (vlasnik paketa),neblokirajuće
critique-continue/checklist/r4/05,r4,critique-continue,checklist,pre-commit staging (before 2758f4e5),MED,Waggle_FRD_v1.2_DRAFT.md,primenjeno po izveštaju popravljača — pojedinačno nije ponovo provereno,izmena prema izveštaju popravljača; sadržaj nije pojedinačno ponovo proveren,all-fixer-reports.json › fix:Waggle_FRD_v1.2_DRAFT.md:r4-pending (veza fajl + krug; izveštaji ne navode ID nalaza),planer (vlasnik paketa),neblokirajuće
critique-continue/checklist/r4/06,r4,critique-continue,checklist,pre-commit staging (before 2758f4e5),MED,WAGGLE-DELIVERY-PLAN-v1.2.md,primenjeno po izveštaju popravljača — pojedinačno nije ponovo provereno,izmena prema izveštaju popravljača; sadržaj nije pojedinačno ponovo proveren,all-fixer-reports.json › fix:WAGGLE-DELIVERY-PLAN-v1.2.md:r4-pending (veza fajl + krug; izveštaji ne navode ID nalaza),planer (vlasnik paketa),neblokirajuće
critique-continue/checklist/r4/07,r4,critique-continue,checklist,pre-commit staging (before 2758f4e5),MED,WAGGLE-DELIVERY-PLAN-v1.2.md,primenjeno po izveštaju popravljača — pojedinačno nije ponovo provereno,izmena prema izveštaju popravljača; sadržaj nije pojedinačno ponovo proveren,all-fixer-reports.json › fix:WAGGLE-DELIVERY-PLAN-v1.2.md:r4-pending (veza fajl + krug; izveštaji ne navode ID nalaza),planer (vlasnik paketa),neblokirajuće
critique-continue/checklist/r4/08,r4,critique-continue,checklist,pre-commit staging (before 2758f4e5),MED,SAFE-IMPLEMENTATION-CHECKLIST.md,primenjeno po izveštaju popravljača — pojedinačno nije ponovo provereno,izmena prema izveštaju popravljača; sadržaj nije pojedinačno ponovo proveren,all-fixer-reports.json › fix:SAFE-IMPLEMENTATION-CHECKLIST.md:r4 (veza fajl + krug; izveštaji ne navode ID nalaza),planer (vlasnik paketa),neblokirajuće
critique-continue/checklist/r4/09,r4,critique-continue,checklist,pre-commit staging (before 2758f4e5),LOW,WAGGLE-DELIVERY-PLAN-v1.2.md,primenjeno po izveštaju popravljača — pojedinačno nije ponovo provereno,izmena prema izveštaju popravljača; sadržaj nije pojedinačno ponovo proveren,all-fixer-reports.json › fix:WAGGLE-DELIVERY-PLAN-v1.2.md:r4-pending (veza fajl + krug; izveštaji ne navode ID nalaza),planer (vlasnik paketa),neblokirajuće
critique-continue/checklist/r4/10,r4,critique-continue,checklist,pre-commit staging (before 2758f4e5),LOW,Waggle_FRD_v1.2_DRAFT.md,primenjeno po izveštaju popravljača — pojedinačno nije ponovo provereno,izmena prema izveštaju popravljača; sadržaj nije pojedinačno ponovo proveren,all-fixer-reports.json › fix:Waggle_FRD_v1.2_DRAFT.md:r4-pending (veza fajl + krug; izveštaji ne navode ID nalaza),planer (vlasnik paketa),neblokirajuće
critique-continue/checklist/r4/11,r4,critique-continue,checklist,pre-commit staging (before 2758f4e5),LOW,Waggle_PRD_v1.2_DRAFT.md,primenjeno po izveštaju popravljača — pojedinačno nije ponovo provereno,izmena prema izveštaju popravljača; sadržaj nije pojedinačno ponovo proveren,all-fixer-reports.json › fix:Waggle_PRD_v1.2_DRAFT.md:r4 (veza fajl + krug; izveštaji ne navode ID nalaza),planer (vlasnik paketa),neblokirajuće
critique-continue/checklist/r4/12,r4,critique-continue,checklist,pre-commit staging (before 2758f4e5),LOW,WAGGLE-MIGRATIONS-v1.2.md,primenjeno po izveštaju popravljača — pojedinačno nije ponovo provereno,izmena prema izveštaju popravljača; sadržaj nije pojedinačno ponovo proveren,all-fixer-reports.json › fix:WAGGLE-MIGRATIONS-v1.2.md:r4-pending (veza fajl + krug; izveštaji ne navode ID nalaza),planer (vlasnik paketa),neblokirajuće
critique-continue/checklist/r4/13,r4,critique-continue,checklist,pre-commit staging (before 2758f4e5),LOW,2026-09-27-ADR-02-durable-store-phase-resume-action-idempotency.md,primenjeno po izveštaju popravljača — pojedinačno nije ponovo provereno,izmena prema izveštaju popravljača; sadržaj nije pojedinačno ponovo proveren,all-fixer-reports.json › fix:2026-09-27-ADR-02-durable-store-phase-resume-action-idempotency.md:r4 (veza fajl + krug; izveštaji ne navode ID nalaza),planer (vlasnik paketa),neblokirajuće
critique-continue/checklist/r4/14,r4,critique-continue,checklist,pre-commit staging (before 2758f4e5),LOW,SAFE-IMPLEMENTATION-CHECKLIST.md,primenjeno po izveštaju popravljača — pojedinačno nije ponovo provereno,izmena prema izveštaju popravljača; sadržaj nije pojedinačno ponovo proveren,all-fixer-reports.json › fix:SAFE-IMPLEMENTATION-CHECKLIST.md:r4 (veza fajl + krug; izveštaji ne navode ID nalaza),planer (vlasnik paketa),neblokirajuće
critique-continue/checklist/r4/15,r4,critique-continue,checklist,pre-commit staging (before 2758f4e5),LOW,WAGGLE-DELIVERY-PLAN-v1.2.md,primenjeno po izveštaju popravljača — pojedinačno nije ponovo provereno,izmena prema izveštaju popravljača; sadržaj nije pojedinačno ponovo proveren,all-fixer-reports.json › fix:WAGGLE-DELIVERY-PLAN-v1.2.md:r4-pending (veza fajl + krug; izveštaji ne navode ID nalaza),planer (vlasnik paketa),neblokirajuće
critique-continue/facts/r4/01,r4,critique-continue,facts,pre-commit staging (before 2758f4e5),MED,SAFE-IMPLEMENTATION-CHECKLIST.md,primenjeno po izveštaju popravljača — pojedinačno nije ponovo provereno,izmena prema izveštaju popravljača; sadržaj nije pojedinačno ponovo proveren,all-fixer-reports.json › fix:SAFE-IMPLEMENTATION-CHECKLIST.md:r4 (veza fajl + krug; izveštaji ne navode ID nalaza),planer (vlasnik paketa),neblokirajuće
critique-continue/facts/r4/02,r4,critique-continue,facts,pre-commit staging (before 2758f4e5),MED,2026-09-27-ADR-10-release-privacy-profiles.md,primenjeno po izveštaju popravljača — pojedinačno nije ponovo provereno,izmena prema izveštaju popravljača; sadržaj nije pojedinačno ponovo proveren,all-fixer-reports.json › fix:2026-09-27-ADR-10-release-privacy-profiles.md:r4 (veza fajl + krug; izveštaji ne navode ID nalaza),planer (vlasnik paketa),neblokirajuće
critique-continue/facts/r4/03,r4,critique-continue,facts,pre-commit staging (before 2758f4e5),MED,2026-09-27-ADR-02-durable-store-phase-resume-action-idempotency.md,primenjeno po izveštaju popravljača — pojedinačno nije ponovo provereno,izmena prema izveštaju popravljača; sadržaj nije pojedinačno ponovo proveren,all-fixer-reports.json › fix:2026-09-27-ADR-02-durable-store-phase-resume-action-idempotency.md:r4 (veza fajl + krug; izveštaji ne navode ID nalaza),planer (vlasnik paketa),neblokirajuće
critique-continue/facts/r4/04,r4,critique-continue,facts,pre-commit staging (before 2758f4e5),LOW,WAGGLE-MIGRATIONS-v1.2.md,primenjeno po izveštaju popravljača — pojedinačno nije ponovo provereno,izmena prema izveštaju popravljača; sadržaj nije pojedinačno ponovo proveren,all-fixer-reports.json › fix:WAGGLE-MIGRATIONS-v1.2.md:r4-pending (veza fajl + krug; izveštaji ne navode ID nalaza),planer (vlasnik paketa),neblokirajuće
critique-continue/facts/r4/05,r4,critique-continue,facts,pre-commit staging (before 2758f4e5),LOW,2026-09-27-ADR-05-rawdetail-context-hook-precedence.md,primenjeno po izveštaju popravljača — pojedinačno nije ponovo provereno,izmena prema izveštaju popravljača; sadržaj nije pojedinačno ponovo proveren,all-fixer-reports.json › fix:2026-09-27-ADR-05-rawdetail-context-hook-precedence.md:r4 (veza fajl + krug; izveštaji ne navode ID nalaza),planer (vlasnik paketa),neblokirajuće
critique-continue/facts/r4/06,r4,critique-continue,facts,pre-commit staging (before 2758f4e5),LOW,2026-09-27-ADR-05-rawdetail-context-hook-precedence.md,primenjeno po izveštaju popravljača — pojedinačno nije ponovo provereno,izmena prema izveštaju popravljača; sadržaj nije pojedinačno ponovo proveren,all-fixer-reports.json › fix:2026-09-27-ADR-05-rawdetail-context-hook-precedence.md:r4 (veza fajl + krug; izveštaji ne navode ID nalaza),planer (vlasnik paketa),neblokirajuće
critique-continue/facts/r4/07,r4,critique-continue,facts,pre-commit staging (before 2758f4e5),LOW,WAGGLE-DELIVERY-PLAN-v1.2.md,primenjeno po izveštaju popravljača — pojedinačno nije ponovo provereno,izmena prema izveštaju popravljača; sadržaj nije pojedinačno ponovo proveren,all-fixer-reports.json › fix:WAGGLE-DELIVERY-PLAN-v1.2.md:r4-pending (veza fajl + krug; izveštaji ne navode ID nalaza),planer (vlasnik paketa),neblokirajuće
critique-continue/facts/r4/08,r4,critique-continue,facts,pre-commit staging (before 2758f4e5),LOW,Waggle_PRD_v1.2_DRAFT.md,primenjeno po izveštaju popravljača — pojedinačno nije ponovo provereno,izmena prema izveštaju popravljača; sadržaj nije pojedinačno ponovo proveren,all-fixer-reports.json › fix:Waggle_PRD_v1.2_DRAFT.md:r4 (veza fajl + krug; izveštaji ne navode ID nalaza),planer (vlasnik paketa),neblokirajuće
critique-continue/facts/r4/09,r4,critique-continue,facts,pre-commit staging (before 2758f4e5),LOW,WAGGLE-AUDIT-DISPOSITION-v1.2.md,primenjeno po izveštaju popravljača — pojedinačno nije ponovo provereno,izmena prema izveštaju popravljača; sadržaj nije pojedinačno ponovo proveren,all-fixer-reports.json › fix:WAGGLE-AUDIT-DISPOSITION-v1.2.md:r4 (veza fajl + krug; izveštaji ne navode ID nalaza),planer (vlasnik paketa),neblokirajuće
critique-continue/facts/r4/10,r4,critique-continue,facts,pre-commit staging (before 2758f4e5),LOW,2026-09-27-ADR-09-secondary-worker-parity.md,primenjeno po izveštaju popravljača — pojedinačno nije ponovo provereno,izmena prema izveštaju popravljača; sadržaj nije pojedinačno ponovo proveren,all-fixer-reports.json › fix:2026-09-27-ADR-09-secondary-worker-parity.md:r4 (veza fajl + krug; izveštaji ne navode ID nalaza),planer (vlasnik paketa),neblokirajuće
critique-continue/facts/r4/11,r4,critique-continue,facts,pre-commit staging (before 2758f4e5),LOW,2026-09-27-ADR-08-individual-tiers-kvark-boundary.md,primenjeno po izveštaju popravljača — pojedinačno nije ponovo provereno,izmena prema izveštaju popravljača; sadržaj nije pojedinačno ponovo proveren,all-fixer-reports.json › fix:2026-09-27-ADR-08-individual-tiers-kvark-boundary.md:r4 (veza fajl + krug; izveštaji ne navode ID nalaza),planer (vlasnik paketa),neblokirajuće
critique-continue/facts/r4/12,r4,critique-continue,facts,pre-commit staging (before 2758f4e5),LOW,2026-09-27-ADR-08-individual-tiers-kvark-boundary.md,primenjeno po izveštaju popravljača — pojedinačno nije ponovo provereno,izmena prema izveštaju popravljača; sadržaj nije pojedinačno ponovo proveren,all-fixer-reports.json › fix:2026-09-27-ADR-08-individual-tiers-kvark-boundary.md:r4 (veza fajl + krug; izveštaji ne navode ID nalaza),planer (vlasnik paketa),neblokirajuće
critique-continue/facts/r4/13,r4,critique-continue,facts,pre-commit staging (before 2758f4e5),LOW,Waggle_FRD_v1.2_DRAFT.md,primenjeno po izveštaju popravljača — pojedinačno nije ponovo provereno,izmena prema izveštaju popravljača; sadržaj nije pojedinačno ponovo proveren,all-fixer-reports.json › fix:Waggle_FRD_v1.2_DRAFT.md:r4-pending (veza fajl + krug; izveštaji ne navode ID nalaza),planer (vlasnik paketa),neblokirajuće
critique-continue/facts/r4/14,r4,critique-continue,facts,pre-commit staging (before 2758f4e5),LOW,ADR-INDEX.md,primenjeno po izveštaju popravljača — pojedinačno nije ponovo provereno,izmena prema izveštaju popravljača; sadržaj nije pojedinačno ponovo proveren,all-fixer-reports.json › fix:ADR-INDEX.md:r4 (veza fajl + krug; izveštaji ne navode ID nalaza),planer (vlasnik paketa),neblokirajuće
critique-continue/facts/r4/15,r4,critique-continue,facts,pre-commit staging (before 2758f4e5),LOW,WAGGLE-BENCHMARK-PROTOCOL-DRAFT.md,primenjeno po izveštaju popravljača — pojedinačno nije ponovo provereno,izmena prema izveštaju popravljača; sadržaj nije pojedinačno ponovo proveren,all-fixer-reports.json › fix:WAGGLE-BENCHMARK-PROTOCOL-DRAFT.md:r4 (veza fajl + krug; izveštaji ne navode ID nalaza),planer (vlasnik paketa),neblokirajuće
critique-continue/facts/r4/16,r4,critique-continue,facts,pre-commit staging (before 2758f4e5),LOW,WAGGLE-MIGRATIONS-v1.2.md,primenjeno po izveštaju popravljača — pojedinačno nije ponovo provereno,izmena prema izveštaju popravljača; sadržaj nije pojedinačno ponovo proveren,all-fixer-reports.json › fix:WAGGLE-MIGRATIONS-v1.2.md:r4-pending (veza fajl + krug; izveštaji ne navode ID nalaza),planer (vlasnik paketa),neblokirajuće
critique-continue/facts/r4/17,r4,critique-continue,facts,pre-commit staging (before 2758f4e5),LOW,WAGGLE-BUILD-VS-BORROW-v1.2.md,primenjeno po izveštaju popravljača — pojedinačno nije ponovo provereno,izmena prema izveštaju popravljača; sadržaj nije pojedinačno ponovo proveren,all-fixer-reports.json › fix:WAGGLE-BUILD-VS-BORROW-v1.2.md:r4 (veza fajl + krug; izveštaji ne navode ID nalaza),planer (vlasnik paketa),neblokirajuće
critique-continue/facts/r4/18,r4,critique-continue,facts,pre-commit staging (before 2758f4e5),LOW,WAGGLE-DELIVERY-PLAN-v1.2.md,primenjeno po izveštaju popravljača — pojedinačno nije ponovo provereno,izmena prema izveštaju popravljača; sadržaj nije pojedinačno ponovo proveren,all-fixer-reports.json › fix:WAGGLE-DELIVERY-PLAN-v1.2.md:r4-pending (veza fajl + krug; izveštaji ne navode ID nalaza),planer (vlasnik paketa),neblokirajuće
critique-continue/facts/r4/19,r4,critique-continue,facts,pre-commit staging (before 2758f4e5),LOW,2026-09-27-ADR-10-release-privacy-profiles.md,primenjeno po izveštaju popravljača — pojedinačno nije ponovo provereno,izmena prema izveštaju popravljača; sadržaj nije pojedinačno ponovo proveren,all-fixer-reports.json › fix:2026-09-27-ADR-10-release-privacy-profiles.md:r4 (veza fajl + krug; izveštaji ne navode ID nalaza),planer (vlasnik paketa),neblokirajuće
critique-continue/facts/r4/20,r4,critique-continue,facts,pre-commit staging (before 2758f4e5),LOW,WAGGLE-DELIVERY-PLAN-v1.2.md,primenjeno po izveštaju popravljača — pojedinačno nije ponovo provereno,izmena prema izveštaju popravljača; sadržaj nije pojedinačno ponovo proveren,all-fixer-reports.json › fix:WAGGLE-DELIVERY-PLAN-v1.2.md:r4-pending (veza fajl + krug; izveštaji ne navode ID nalaza),planer (vlasnik paketa),neblokirajuće
finish/checklist/f1/01,f1,finish,checklist,pre-commit staging (before 2758f4e5),MED,Waggle_FRD_v1.2_DRAFT.md,ispravljeno — potvrđeno ponovnom proverom,ispravljeno u dokumentaciji; pojedinačno potvrđeno ponovnom proverom,"ponovna provera 30.09.2026 nad tekstom 2758f4e5: Waggle_FRD_v1.2_DRAFT.md §15: L614 AT-01 'G1 (W0-PR1/PR2) autoritativan / G2 deo (W3-PR6)'; L626 AT-13 'G1 (W0-PR11/PR18) autoritativan / G2 deo (W2-PR1/PR2)'; L627 AT-14 'G1 deo (W0-PR10) / G2 (W2-PR7/PR9) autoritativan'; L628 AT-15 'G2 (W2-PR2) autoritativan / G3 deo (W7-PR2)'; L631 AT-18 'G1 deo (W0-PR12) / G3 (W4-PR8) autoritativan'; L632 AT-19 'G1 deo (W0-PR10) / G2 (W4-PR6/PR7) autoritativan / G3 deo (W7-PR3/PR6)'; L636 AT-23 'G1 deo (W0-PR14, format NALAZ) / G2 (W1-PR11, politika) autoritativan / G3 deo (W5-PR3)'. Fixer izveštaj fix:Waggle_FRD_v1…",planer (vlasnik paketa),neblokirajuće
finish/checklist/f1/02,f1,finish,checklist,pre-commit staging (before 2758f4e5),MED,Waggle_FRD_v1.2_DRAFT.md,ispravljeno u 1.2.1 — potvrđeno završnom proverom,"FRD-06.6/PRD-08-11 ispravljeni ranije; ostatak (Disposition §4 „VEĆ ZATVORENO”, A15(c)) ispravljen u 1.2.1 (H-03). Kod nije popravljen; tiket W4-PR6; test AT-12 (RED→GREEN revoke i grant expiry); runtime potvrda nije urađena","provera integratora 30.09.2026 nad 1.2.1 radnim stablom (read-only grep): plans/WAGGLE-AUDIT-DISPOSITION-v1.2.md:171 „A15(c) samo expiry i re-validacija held akcija … expiry i revoke **grantova** postoje u kodu (approval-grants.ts:233-246, :286-292; routes/approval.ts:120), ali serverski test za n…” · ponovna provera 30.09.2026 nad tekstom 2758f4e5: delimično ispravljeno · završna provera 30.09.2026 nad 1.2.1 radnim stablom (read-only grep): Waggle_FRD_v1.2_DRAFT.md:432 FRD-06.6 „expiry held akcije postoji i testiran je … (VEĆ ZATVORENO delimično — samo expiry); revoke postoji u kodu …, test **NIJE nađen** … RED test nedostaje (§15 AT-12)”; Waggle_PRD_v1.2_DRAFT.md:319 PRD-08-11 „revoke postoji u kodu, serverski test nije nađen (RED test nedostaje, FRD §15 AT-12)”; plans/WAGGLE-AUDIT-DISPOSITION-v1.2.md:171 A15(c) sužen na held akcije; sva tri mesta se slažu sa AT-12 (Waggle_FRD_v1.2_DRAFT.md:742). Nalaz je o tvrdnji dokumenta; nedostajući serverski test ostaje implementacioni zadatak W4-PR6/AT-12 i ovim statusom se ne zatvara. FRD DOCX je ponovo izvezen 30.09.2026 (manifest §3) i njegov word/document.xml sadrži ispravljen tekst (read-only provera posle izvoza).",planer (vlasnik paketa); Capability owner (test u W4-PR6) · rok: test pre merge-a W4-PR6,neblokirajuće
finish/checklist/f1/03,f1,finish,checklist,pre-commit staging (before 2758f4e5),MED,Waggle_PRD_v1.2_DRAFT.md,ispravljeno — potvrđeno ponovnom proverom,ispravljeno u dokumentaciji; pojedinačno potvrđeno ponovnom proverom,"ponovna provera 30.09.2026 nad tekstom 2758f4e5: Waggle_PRD_v1.2_DRAFT.md L315 (PRD-08-11) sada glasi: 'Expiry postoji i testiran je; revoke postoji u kodu, serverski test nije nađen (RED test nedostaje, FRD §15 AT-12) (F-CAP-09 · VEĆ ZATVORENO delimično: ...; `ApprovalGrantStore.revoke` `approval-grants.ts:286` / `DELETE /api/approval/grants/:id` `approval.ts:120` na `2af0904d` imaju samo UI mock `ApprovalsApp.test.tsx:17`)'. Tekst je usklađen sa FRD §15 AT-12.",planer (vlasnik paketa),neblokirajuće
finish/checklist/f1/04,f1,finish,checklist,pre-commit staging (before 2758f4e5),MED,WAGGLE-DELIVERY-PLAN-v1.2.md,ispravljeno — potvrđeno ponovnom proverom,ispravljeno u dokumentaciji; pojedinačno potvrđeno ponovnom proverom,"ponovna provera 30.09.2026 nad tekstom 2758f4e5: plans/WAGGLE-DELIVERY-PLAN-v1.2.md l.209 (W4 PR slicing): 'W4-PR6 negativni grant / decline expiry ... + **RED→GREEN revoke test za AT-12** (`ApprovalGrantStore.revoke` `approval-grants.ts:286` / `DELETE /api/approval/grants/:id` `routes/approval.ts:120`: opoziv preživi restart; model/hook/IM ga ne poništavaju; na `2af0904d` takav test ne postoji, FRD §15 AT-12)'; §4.1.1 l.437: 'PR6 negativni grant / decline expiry (MIG-06/08) + revoke RED→GREEN test (AT-12) | 1.5–2 | 0.5–1 | raspon nepromenjen, očekivanje pomereno ka gornjoj granici zbog revoke testa .…",planer (vlasnik paketa),neblokirajuće
finish/checklist/f1/05,f1,finish,checklist,pre-commit staging (before 2758f4e5),MED,WAGGLE-AUDIT-DISPOSITION-v1.2.md,ispravljeno — potvrđeno ponovnom proverom,ispravljeno u dokumentaciji; pojedinačno potvrđeno ponovnom proverom,"ponovna provera 30.09.2026 nad tekstom 2758f4e5: plans/WAGGLE-AUDIT-DISPOSITION-v1.2.md: L84 C12 sadrži `starting\|running→RUNNING`; L86 C14 `pkce\|code_challenge`; L112 A11 `running\|done\|failed\|blocked`; L115 A14 `starter\|marketplace\|forceInsecure\|SecurityGate\|posthog`; L121 A20 `timeout\|unreachable\|cold_start\|http_error\|empty_content`; L124 A23 `simple\|professional\|power\|admin`; L126 A25 `tau2\|tau-bench\|tau_bench\|taubench`. Ponovna mehanička provera 30.09.2026 (`pandoc -f gfm -t html`, broj <td> po redu): 75 redova tela C/A/R matrica, svi sa 9 ćelija; §0.1 43×4. A20 u GFM prikazu: O…",planer (vlasnik paketa),neblokirajuće
finish/checklist/f1/06,f1,finish,checklist,pre-commit staging (before 2758f4e5),LOW,Waggle_FRD_v1.2_DRAFT.md,ispravljeno — potvrđeno ponovnom proverom,ispravljeno u dokumentaciji; pojedinačno potvrđeno ponovnom proverom,"ponovna provera 30.09.2026 nad tekstom 2758f4e5: Waggle_FRD_v1.2_DRAFT.md L200: '| FRD-03.5 | ... | `BLOCKED_CAPABILITY\|BLOCKED_APPROVAL` grep = 0; ... | POTVRĐENO NA REVIZIJI + PREDLOG |'. Pipe je escapovan, red ima 4 ćelije, a oznaka statusa je u svojoj koloni. WAGGLE-V1.2-OPEN-LOW-FINDINGS.md L6 beleži mehanički sken: 0 neescapovanih pipe-ova u code span-ovima.",planer (vlasnik paketa),neblokirajuće
finish/checklist/f1/07,f1,finish,checklist,pre-commit staging (before 2758f4e5),LOW,WAGGLE-DELIVERY-PLAN-v1.2.md,ispravljeno — potvrđeno ponovnom proverom,ispravljeno u dokumentaciji; pojedinačno potvrđeno ponovnom proverom,ponovna provera 30.09.2026 nad tekstom 2758f4e5: plans/WAGGLE-DELIVERY-PLAN-v1.2.md l.117: '`starting\|running→RUNNING`' i l.149: '`[date \| source \| frameId]`' — pipe je escapovan; poslednja ćelija redova parsira se kao 'POTVRĐENO (F-DUR-03; C12 PRIHVATITI)' i 'POTVRĐENO (F-HM-06 WEAKENED)'. WAGGLE-V1.2-OPEN-LOW-FINDINGS.md l.5 beleži mehanički sken sa 0 neescapovanih pipe-ova.,planer (vlasnik paketa),neblokirajuće
finish/checklist/f1/08,f1,finish,checklist,pre-commit staging (before 2758f4e5),LOW,WAGGLE-MIGRATIONS-v1.2.md,ispravljeno — potvrđeno ponovnom proverom,ispravljeno u dokumentaciji; pojedinačno potvrđeno ponovnom proverom,"ponovna provera 30.09.2026 nad tekstom 2758f4e5: plans/WAGGLE-MIGRATIONS-v1.2.md L58 (INV-03) sada glasi: 'status enum bez CHECK-a (`held\|approved\|denied\|executed\|failed\|expired`, `:88`)' i završava se ćelijom '| POTVRĐENO NA REVIZIJI [F-DUR-05] |'. Brojanje neescapovanih '|' daje 9 za zaglavlje L56, separator L57 i red L58 (= 8 ćelija); skripta nad svim tabelama fajla nije našla nijedan red čiji se broj ćelija razlikuje od zaglavlja. U all-fixer-reports.json nema posebnog f1 izveštaja za ovaj nalaz (postoji samo fix:WAGGLE-MIGRATIONS-v1.2.md:r1 za DQ→MDQ), pa je ispravka potvrđena samo stanjem f…",planer (vlasnik paketa),neblokirajuće
finish/checklist/f1/09,f1,finish,checklist,pre-commit staging (before 2758f4e5),LOW,ADR-INDEX.md,ispravljeno — potvrđeno ponovnom proverom,ispravljeno u dokumentaciji; pojedinačno potvrđeno ponovnom proverom,"ponovna provera 30.09.2026 nad tekstom 2758f4e5: docs/decisions/ADR-INDEX.md (radno stablo == 2758f4e5, git diff prazan) l.14: '`interaction: conversation\|work` × `mode: normal\|strict\|benchmark`'; ADR-02 (.md) l.47: '`level: structural\|defined_elements\|content_review`'; ADR-07 l.76: '(`toAutomation` samo `active\|paused`)'; ADR-07 l.122 (ADR-07-T9): 'RED danas (`active\|paused`)'; ADR-08 l.123 (ADR-08-T7): '`tier: 'pro'\|'business'\|'TEAMS'\|'TRIAL'(...)`'. Ponovljen mehanički sken (Python, 30.09.2026) svih redova tabela u ADR-INDEX.md i svim srpskim 2026-09-27-ADR-*.md: 0 neescapovanih '|' u cod…",planer (vlasnik paketa),neblokirajuće
finish/checklist/f1/10,f1,finish,checklist,pre-commit staging (before 2758f4e5),LOW,WAGGLE-BUILD-VS-BORROW-v1.2.md,ispravljeno — potvrđeno ponovnom proverom,ispravljeno u dokumentaciji; pojedinačno potvrđeno ponovnom proverom,"ponovna provera 30.09.2026 nad tekstom 2758f4e5: Svi navedeni code span-ovi sada imaju escapovan pipe: BvB L191 `grep pkce\|code_challenge` = 0; L277 `grep historyId\|syncToken\|deltaLink\|delta`; L348 `grep api/chat\|/api/agent/run`; L377 `grep license\|source\|adapted`; L429 `git grep cyclonedx\|spdx\|sbom\|syft`; L511 `{status: none\|scanner\|manual\|sealed, ...}`; BENCHMARK-PROTOCOL L58 (BP-INV-08) `git ls-files \| grep -iE ""tau2\|tau-bench\|taubench""` sa poslednjom celijom 'POTVRĐENO NIJE NA MAIN-u'; PRD L516 `tau2\|tau-bench\|tau_bench`. Skripta koja skenira sve code span-ove u redovima tabela s…",planer (vlasnik paketa),neblokirajuće
finish/checklist/f1/11,f1,finish,checklist,pre-commit staging (before 2758f4e5),LOW,Waggle_FRD_v1.2_DRAFT.md,ispravljeno — potvrđeno ponovnom proverom,ispravljeno u dokumentaciji; pojedinačno potvrđeno ponovnom proverom,"ponovna provera 30.09.2026 nad tekstom 2758f4e5: FRD L761: 'svih **114** FRD ugovora iz §1–§14 ima ≥1 PRD ID — **114/114** (116 definisanih `FRD-nn.m` minus mape FRD-16.1/16.2; pravilo brojanja: `### FRD-…`, `| FRD-…` i bold `**FRD-…` definicije se broje, pa i FRD-01.9, FRD-03.0 i FRD-03.9'. FRD L795: '166/166 PRD, 114/114 FRD ugovora'. PRD L628: 'svih 114 FRD ugovora (116 definisanih minus mape FRD-16.1/16.2)'. Delivery L607: '114/114 FRD ugovora (116 definisanih minus mape FRD-16.1/16.2)'. Dispozicija OD-1 L181: '**114/114** FRD ugovora §1–§14 referisano (116 definisanih ...)'. Ponovno read-only pok…",planer (vlasnik paketa),neblokirajuće
finish/checklist/f1/12,f1,finish,checklist,pre-commit staging (before 2758f4e5),LOW,Waggle_FRD_v1.2_DRAFT.md,otvoreno,"Nije ispravljeno u 1.2.1: ispravka traži usklađenu izmenu FRD §15 AT-30, PRD-04-01, Delivery §1 G1 (i)/W0 exit i TM-25; nijedan H-spec je nije dodelio. Predlog: telemetry test voditi kao imenovani test „FRD-12.11 / ADR-10-T2” bez AT-30 ID-a (obrazac OD-10)",provera integratora 30.09.2026 nad 1.2.1 radnim stablom (read-only grep): Waggle_FRD_v1.2_DRAFT.md:760 AT-30 i dalje „owner: Release owner · G1 (telemetry deo) / G3”; handoff/backlog.csv W0-PR17 merge_gates sadrži „finish/checklist/f1/12”; handoff/backlog-gates.csv:36 i :43 (G1-EXIT) · ponovna provera 30.09.2026 nad tekstom 2758f4e5: otvoreno,Release owner + planer (vlasnik paketa); QA · rok: pre merge-a W0-PR17,blocker tiketa: W0-PR17 (merge); G1-EXIT (exit)
finish/checklist/f1/13,f1,finish,checklist,pre-commit staging (before 2758f4e5),LOW,SAFE-IMPLEMENTATION-CHECKLIST.md,čeka stvarnu odluku osnivača,Izuzetak za jedan worktree na 2af0904d samo za W0-PR19 predložen kao TSA-05 (NEODOBRENO); checklist t.1 i DP-0.05 ga navode kao izuzetak koji važi tek od potvrde,"provera integratora 30.09.2026 nad 1.2.1 radnim stablom (read-only grep): handoff/TEAM-START-AUTHORIZATION.md TSA-05 (status NEODOBRENO); handoff/backlog.csv W0-PR19 start_gates, W0-PR6 i W0-PR18 merge_gates sadrže „finish/checklist/f1/13”; handoff/backlog-gates.csv:35 · ponovna provera 30.09.2026 nad tekstom 2758f4e5: otvoreno",tech lead predlaže; osnivač odobrava · rok: pre starta W0-PR19,"blocker tiketa: W0-PR19 (start); W0-PR6, W0-PR18 (merge)"
finish/checklist/f1/14,f1,finish,checklist,pre-commit staging (before 2758f4e5),LOW,Waggle_PRD_v1.2_DRAFT.md,ispravljeno u 1.2.1 — potvrđeno završnom proverom,Četiri PRD mesta nose „ODLUKA (D-nn) + PREDLOG — SMER BRIEFA (…)” (1.2.1); PRD DOCX se ponovo izvozi u fazi izvoza,"provera integratora 30.09.2026 nad 1.2.1 radnim stablom (read-only grep): Waggle_PRD_v1.2_DRAFT.md:118 „PRD-03-05 · ODLUKA (D-09) + PREDLOG — SMER BRIEFA (§17 C16 „PRECIZIRATI“)”; :331 „PRD-09-01 · ODLUKA (D-12) + PREDLOG — SMER BRIEFA (DIR-09)”; :566 „PRD-15-01 · ODLUKA (D-17) + PREDLOG — SMER BRIEFA (DIR-24)”; :93 PRD-02-09 isto; grep „ODLUKA (D-17) + DIR-24” = 0 · ponovna provera 30.09.2026 nad tekstom 2758f4e5: otvoreno · završna provera 30.09.2026 nad 1.2.1 radnim stablom (read-only grep): Waggle_PRD_v1.2_DRAFT.md:93 (PRD-02-09), :118 (PRD-03-05), :331 (PRD-09-01), :566 (PRD-15-01) nose „ODLUKA (D-nn) + PREDLOG — SMER BRIEFA (…)”; grep „ODLUKA (D-[0-9]+) + DIR” i „ODLUKA (D-[0-9]+) + C[0-9]” u PRD-u = 0. PRD DOCX je ponovo izvezen 30.09.2026 (manifest §3) i njegov word/document.xml sadrži ispravljen tekst (read-only provera posle izvoza).",planer (vlasnik paketa),neblokirajuće
finish/checklist/f1/15,f1,finish,checklist,pre-commit staging (before 2758f4e5),LOW,Waggle_FRD_v1.2_DRAFT.md,ispravljeno u 1.2.1 — potvrđeno završnom proverom,FRD-02.8 i FRD-06.5 nose „NALAZ AUDITA — ZA PROVERU” uz THREAT_MODEL.md (1.2.1),"provera integratora 30.09.2026 nad 1.2.1 radnim stablom (read-only grep): Waggle_FRD_v1.2_DRAFT.md:152 „`THREAT_MODEL.md` postoji u korenu repoa (NALAZ AUDITA — ZA PROVERU (sopstvena read-only provera van phase-A; v. FRD-12.7 …”; :427 „dopunu postojećeg `THREAT_MODEL.md` (postoji — NALAZ AUDITA — ZA PROVERU …” · ponovna provera 30.09.2026 nad tekstom 2758f4e5: otvoreno · završna provera 30.09.2026 nad 1.2.1 radnim stablom (read-only grep): Waggle_FRD_v1.2_DRAFT.md:152 (FRD-02.8) i :427 (FRD-06.5) uz `THREAT_MODEL.md` nose „NALAZ AUDITA — ZA PROVERU (sopstvena read-only provera van phase-A; v. FRD-12.7 …)”, kao FRD-12.7 (:651) i PRD-08-08. FRD DOCX je ponovo izvezen 30.09.2026 (manifest §3) i njegov word/document.xml sadrži ispravljen tekst (read-only provera posle izvoza).",Security owner · rok: dopuna THREAT_MODEL.md pre starta W4-PR7,neblokirajuće
finish/checklist/f1/16,f1,finish,checklist,pre-commit staging (before 2758f4e5),LOW,WAGGLE-AUDIT-DISPOSITION-v1.2.md,ispravljeno — potvrđeno ponovnom proverom,ispravljeno u dokumentaciji; pojedinačno potvrđeno ponovnom proverom,"ponovna provera 30.09.2026 nad tekstom 2758f4e5: plans/WAGGLE-AUDIT-DISPOSITION-v1.2.md L116 A15 Status: „(c) VEĆ ZATVORENO (delimično) — expiry held akcije i re-validacija postoje i testirani (`held-action-executor.test.ts:187,198,292`); revoke postoji u kodu (`approval-grants.ts:286`, `routes/approval.ts:120`), test NIJE nađen — RED test nedostaje (AT-12)”. grep „revoke testiran” u srpskim .md paketa: preostaje samo istorijski phase-A dokaz plans/v1.2-evidence/phaseA/capability.md:134 („expiry i revoke postoje i testirani su”), koji je ulazni evidence zapis, ne zaključak paketa.",planer (vlasnik paketa),neblokirajuće
finish/checklist/f1/17,f1,finish,checklist,pre-commit staging (before 2758f4e5),LOW,Waggle_PRD_v1.2_DRAFT.md,ispravljeno — potvrđeno ponovnom proverom,ispravljeno u dokumentaciji; pojedinačno potvrđeno ponovnom proverom,"ponovna provera 30.09.2026 nad tekstom 2758f4e5: PRD i FRD red 5: 'DOCX izvoz ... isporučeno 28.09.2026 — `Waggle_PRD_v1.2_DRAFT.docx` (i `Waggle_FRD_v1.2_DRAFT.docx`) u `docs/`'. Oba .docx postoje u docs/. sha256sum 30.09 daje PRD .md 8aa74f26…, PRD .docx 932bb0ee…, FRD .md 7ecc197f…, FRD .docx 198ccd6c…. To su tačno vrednosti upisane u WAGGLE-DELIVERY-PLAN-v1.2.md L601 (§6.1) i WAGGLE-AUDIT-DISPOSITION-v1.2.md L189 (OD-9 'Isporučeno 28.09.2026 ... re-export 29.09.2026'). Napomena: svaka izmena PRD/FRD .md u ovom prolazu zatvaranja (npr. revizioni red 1.2.1) čini DOCX i heševe zastarelim. Izvoz i heš…",planer (vlasnik paketa),neblokirajuće
finish/estimates/f1/01,f1,finish,estimates,pre-commit staging (before 2758f4e5),MED,WAGGLE-DELIVERY-PLAN-v1.2.md,ispravljeno — potvrđeno ponovnom proverom,ispravljeno u dokumentaciji; pojedinačno potvrđeno ponovnom proverom,"ponovna provera 30.09.2026 nad tekstom 2758f4e5: plans/WAGGLE-DELIVERY-PLAN-v1.2.md §3 graf l.325: 'W1-PR14 ──► merge-preduslov MIG-08 sekcija (erase mapiranje na `ExecutionErasure`): W1-PR7, W1-PR11, W3e-PR1, W4-PR3, W4-PR5, W4-PR6 (G3: W8-PR3)'; l.326: 'W1-PR13 + W1-PR15 ──► svaki G2 apply (... MIG-03 `evolution_runs` rebuild W3e-PR1; MIG-06 W4-PR3/PR5/PR6)'; l.329: 'W3e-PR1..PR8 (zavisi W0-PR9; PR1 posle RAT-05, merge posle W1-PR14 i W1-PR13/PR15 (MIG-08/MIG-03)...)'; l.330: 'W4-PR1/2 (envelope, fasada) nezavisno ──► [RAT-07] W4-PR3 (merge posle W1-PR14)'; l.344: '... W3e lanac je ≈ 9.5–12 + PR2..P…",planer (vlasnik paketa),neblokirajuće
finish/estimates/f1/02,f1,finish,estimates,pre-commit staging (before 2758f4e5),LOW,WAGGLE-DELIVERY-PLAN-v1.2.md,otvoreno,Nije ispravljeno u 1.2.1 (menja zbirove §4.1/§4.2 koje citira Delivery §4.4.5); nedelje se ne menjaju,"provera integratora 30.09.2026 nad 1.2.1 radnim stablom (read-only grep): plans/WAGGLE-DELIVERY-PLAN-v1.2.md:377 WB delta i dalje „Approvals/cost/audit de-gate premešten u W0-PR12 (−)”, a W0 grupa PR0+PR12+PR13+PR15+PR16 ostaje 1–1.5 / 0.5–1 · ponovna provera 30.09.2026 nad tekstom 2758f4e5: otvoreno","tech lead · rok: prvi mesečni plan od T0, pre ugovaranja roka",neblokirajuće
finish/estimates/f1/03,f1,finish,estimates,pre-commit staging (before 2758f4e5),LOW,WAGGLE-DELIVERY-PLAN-v1.2.md,ispravljeno u 1.2.1 — potvrđeno završnom proverom,"Review ADR-05 dodeljen W2-PR1 u Delivery §2, §3 i §4.1 i u kartici/CSV-u (1.2.1); kapija merge-a ostaje dok tech lead ne potvrdi dodelu","provera integratora 30.09.2026 nad 1.2.1 radnim stablom (read-only grep): plans/WAGGLE-DELIVERY-PLAN-v1.2.md:334 „W2-PR1 (fasada + review ADR-05; RAT-04)”; :409 red W2; grep „review ADR-05” u redovima W2-PR1 = 7; handoff/backlog.csv W2-PR1 merge_gates „MERGE-AUTH;RAT-04;finish/estimates/f1/03” · ponovna provera 30.09.2026 nad tekstom 2758f4e5: otvoreno · završna provera 30.09.2026 nad 1.2.1 radnim stablom (read-only grep): plans/WAGGLE-DELIVERY-PLAN-v1.2.md:152 (§2 W2-PR1 „+ review postojećeg nacrta ADR-05 (O1–O4) pred RAT-04”), :334 (§3 graf), :380 (§4.1 nabrajanje „W2-PR1 ADR-05 (O1–O4, pred RAT-04; …)”), :409 (§4.1.1, raspon nepromenjen); handoff/backlog.csv:43 i 03-BACKLOG.md:916. Tekst je ispravljen; kapija merge-a `finish/estimates/f1/03` (backlog-gates.csv) ostaje dok tech lead ne potvrdi dodelu.",tech lead (dodela); Memory owner (review ADR-05) · rok: pre merge-a W2-PR1,blocker tiketa: W2-PR1 (merge)
finish/estimates/f1/04,f1,finish,estimates,pre-commit staging (before 2758f4e5),LOW,WAGGLE-DELIVERY-PLAN-v1.2.md,ispravljeno u 1.2.1 — potvrđeno završnom proverom,"Delivery §4.3 „Pauze”: 51 rd, bez „(a') sa T_evo +1 rd, 30.04”; ishod 18–31 nedelja isti (1.2.1)","provera integratora 30.09.2026 nad 1.2.1 radnim stablom (read-only grep): plans/WAGGLE-DELIVERY-PLAN-v1.2.md:547 „… sa T_evo pre B3 32 rd → +7 i 20 + 11 (51 rd) = **18–31**”; grep „sa T_evo +1 rd, 30.04” = 0 · ponovna provera 30.09.2026 nad tekstom 2758f4e5: otvoreno · završna provera 30.09.2026 nad 1.2.1 radnim stablom (read-only grep): plans/WAGGLE-DELIVERY-PLAN-v1.2.md:547 „prozor G3 gornje granice (a') sa T_evo od 15.02.2027 iznosi 49 + 2 = 51 rd i završava 26.04.2027, pa ga Uskrs/Praznik rada ne pogađa” i „(51 rd) = **18–31**”; grep „T_evo +1 rd, 30.04” = 0.",tech lead,neblokirajuće
finish/estimates/f1/05,f1,finish,estimates,pre-commit staging (before 2758f4e5),LOW,WAGGLE-DELIVERY-PLAN-v1.2.md,ispravljeno u 1.2.1 — potvrđeno završnom proverom,Delivery W1-PR1: „T7 → W1-PR14 + W1-PR15” (1.2.1),provera integratora 30.09.2026 nad 1.2.1 radnim stablom (read-only grep): plans/WAGGLE-DELIVERY-PLAN-v1.2.md:120 „T7 → W1-PR14 + W1-PR15 (revocation ledger + Klasa B restore …” · ponovna provera 30.09.2026 nad tekstom 2758f4e5: otvoreno · završna provera 30.09.2026 nad 1.2.1 radnim stablom (read-only grep): plans/WAGGLE-DELIVERY-PLAN-v1.2.md:120 „T7 → W1-PR14 + W1-PR15 (revocation ledger + Klasa B restore; rollback ne vraća obrisane podatke ni opozvane grantove …”.,Durable owner,neblokirajuće
finish/estimates/f1/06,f1,finish,estimates,pre-commit staging (before 2758f4e5),LOW,WAGGLE-BENCHMARK-PROTOCOL-DRAFT.md,ispravljeno u 1.2.1 — potvrđeno završnom proverom,Benchmark §7: bez B2-PR3 zbir 7–13 / 4–7 (1.2.1); stari međuzbirovi navedeni samo kao istorija,"provera integratora 30.09.2026 nad 1.2.1 radnim stablom (read-only grep): plans/WAGGLE-BENCHMARK-PROTOCOL-DRAFT.md:301 „bez B2-PR3 zbir po Delivery planu §4.1.1 (PR1 kao shim, uz B2-PR2a) je 7–13 / 4–7 (ispravka 1.2.1: raniji međuzbirovi „7.5–12 / 4.5–7” i „6–10 / 3.5–5.5” nisu uključivali B2-PR2a)” · ponovna provera 30.09.2026 nad tekstom 2758f4e5: otvoreno · završna provera 30.09.2026 nad 1.2.1 radnim stablom (read-only grep): plans/WAGGLE-BENCHMARK-PROTOCOL-DRAFT.md:301 „bez B2-PR3 zbir … je 7–13 / 4–7”; ponovo sabrano iz plans/WAGGLE-DELIVERY-PLAN-v1.2.md:486-491 (B2-PR0a..PR2 bez PR3: 7–13 klasičnih / 4–7 AI dana); „6–10 / 3.5–5.5” ostaje samo u istorijskoj zagradi ispravke.",Benchmark owner,neblokirajuće
finish/facts/f1/01,f1,finish,facts,pre-commit staging (before 2758f4e5),MED,Waggle_FRD_v1.2_DRAFT.md,ispravljeno — potvrđeno ponovnom proverom,ispravljeno u dokumentaciji; pojedinačno potvrđeno ponovnom proverom,"ponovna provera 30.09.2026 nad tekstom 2758f4e5: Isto kao finish/checklist/f1/01: FRD §15 L614, L626, L627, L628, L631, L632 i L636 nose split oblik (npr. L632 AT-19 'G1 deo (W0-PR10) / G2 (W4-PR6/PR7) autoritativan / G3 deo (W7-PR3/PR6)'; L631 AT-18 'G1 deo (W0-PR12) / G3 (W4-PR8) autoritativan'). Kolona Wave je nepromenjena.",planer (vlasnik paketa),neblokirajuće
finish/facts/f1/02,f1,finish,facts,pre-commit staging (before 2758f4e5),MED,Waggle_FRD_v1.2_DRAFT.md,ispravljeno — potvrđeno ponovnom proverom,ispravljeno u dokumentaciji; pojedinačno potvrđeno ponovnom proverom,"ponovna provera 30.09.2026 nad tekstom 2758f4e5: Broj je ispravljen na svih pet mesta (FRD L761 i L795; PRD L628; Delivery L607; Dispozicija OD-1 L181: '114/114 ... 116 definisanih minus mape FRD-16.1/16.2'). Red PRD-13-05/13-06 u §16.1 (FRD L745) sada nosi eksplicitnu listu 'FRD-14.10, FRD-14.13, FRD-14.14, FRD-14.15, FRD-14.16, FRD-06.3, FRD-12.9'. Alat je priložen kao docs/plans/v1.2-evidence/tools/check_trace.mjs. Read-only pokretanje 30.09.2026 daje 'PRD defined: 166; covered in §16.1: 166', 'covered in §16.1: 114' i 'FRD contracts missing: (none)', exit 0.",planer (vlasnik paketa),neblokirajuće
finish/facts/f1/03,f1,finish,facts,pre-commit staging (before 2758f4e5),LOW,Waggle_FRD_v1.2_DRAFT.md,ispravljeno u 1.2.1 — potvrđeno završnom proverom,FRD-12.4 anchor = packages/server/src/local/routes/vault.ts:153-171 (1.2.1),"provera integratora 30.09.2026 nad 1.2.1 radnim stablom (read-only grep): Waggle_FRD_v1.2_DRAFT.md:648 FRD-12.4 „vault upsert generički (`packages/server/src/local/routes/vault.ts:153-171`, `POST /api/vault` — generički upsert koji poziva …”; errata u handoff/05:236 upućuje na isto · ponovna provera 30.09.2026 nad tekstom 2758f4e5: otvoreno · završna provera 30.09.2026 nad 1.2.1 radnim stablom (read-only grep): Waggle_FRD_v1.2_DRAFT.md:648 FRD-12.4 „`packages/server/src/local/routes/vault.ts:153-171`, `POST /api/vault`”; drugo pominjanje `vault.ts:153-171` u srpskim dokumentima je samo errata handoff/05:236, koja upućuje na isti fajl. FRD DOCX je ponovo izvezen 30.09.2026 (manifest §3) i njegov word/document.xml sadrži ispravljen tekst (read-only provera posle izvoza).",Security owner,neblokirajuće
finish/facts/f1/04,f1,finish,facts,pre-commit staging (before 2758f4e5),LOW,WAGGLE-BUILD-VS-BORROW-v1.2.md,ispravljeno u 1.2.1 — potvrđeno završnom proverom,BB-COST.6 usklađen sa BB-13 i označen kao živi eksterni podatak (1.2.1). Klasa korigovana pri spajanju: ponovna provera je predložila „blocker tiketa” bez imenovanog tiketa,"provera integratora 30.09.2026 nad 1.2.1 radnim stablom (read-only grep): plans/WAGGLE-BUILD-VS-BORROW-v1.2.md:569 „| BB-COST.6 | DeepSeek judge (APEX) i LLM user-simulator (τ²) su cloud API … GAIA2 judge Llama 3.3 70B može i lokalno (BB-13) | BB-09 | NALAZ AUDITA — ZA PROVERU (live 27.09.2026, izvor: external.md §4, §8) |” · ponovna provera 30.09.2026 nad tekstom 2758f4e5: otvoreno · završna provera 30.09.2026 nad 1.2.1 radnim stablom (read-only grep): plans/WAGGLE-BUILD-VS-BORROW-v1.2.md:569 BB-COST.6 „… GAIA2 judge Llama 3.3 70B može i lokalno (BB-13)” sa oznakom „NALAZ AUDITA — ZA PROVERU (live 27.09.2026, izvor: external.md §4, §8)”, u skladu sa :461 BB-13 „judge Llama 3.3 70B (cloud ili lokalni GPU)”.",Benchmark owner · rok: živi podatak ponovo proveriti pre B2-PR0b,neblokirajuće
finish/facts/f1/05,f1,finish,facts,pre-commit staging (before 2758f4e5),LOW,Waggle_PRD_v1.2_DRAFT.md,ispravljeno u 1.2.1 — potvrđeno završnom proverom,Četiri PRD mesta nose „ODLUKA (D-nn) + PREDLOG — SMER BRIEFA (…)” (1.2.1); PRD DOCX se ponovo izvozi u fazi izvoza (duplikat od finish/checklist/f1/14),"provera integratora 30.09.2026 nad 1.2.1 radnim stablom (read-only grep): Waggle_PRD_v1.2_DRAFT.md:118 „PRD-03-05 · ODLUKA (D-09) + PREDLOG — SMER BRIEFA (§17 C16 „PRECIZIRATI“)”; :331 „PRD-09-01 · ODLUKA (D-12) + PREDLOG — SMER BRIEFA (DIR-09)”; :566 „PRD-15-01 · ODLUKA (D-17) + PREDLOG — SMER BRIEFA (DIR-24)”; :93 PRD-02-09 isto; grep „ODLUKA (D-17) + DIR-24” = 0 · ponovna provera 30.09.2026 nad tekstom 2758f4e5: otvoreno · završna provera 30.09.2026 nad 1.2.1 radnim stablom (read-only grep): isto kao finish/checklist/f1/14: Waggle_PRD_v1.2_DRAFT.md:93, :118, :331, :566 nose „ODLUKA (D-nn) + PREDLOG — SMER BRIEFA (…)”; grep „ODLUKA (D-[0-9]+) + DIR” i „ODLUKA (D-[0-9]+) + C[0-9]” u PRD-u = 0. PRD DOCX je ponovo izvezen 30.09.2026 (manifest §3) i njegov word/document.xml sadrži ispravljen tekst (read-only provera posle izvoza).",planer (vlasnik paketa),neblokirajuće
finish/facts/f1/06,f1,finish,facts,pre-commit staging (before 2758f4e5),LOW,Waggle_PRD_v1.2_DRAFT.md,ispravljeno u 1.2.1 — potvrđeno završnom proverom,"Ispravljeno u 1.2.1 u PRD §5, Delivery W1-PR4, BvB BB-01, ADR-02, Disposition A6 i kartici 03 W1-PR4; handoff/backlog.csv i backlog.en.csv red W1-PR4, kolona hotspot_files, ispravljeni na „workflow-harness.ts:110-128,213-374” 30.09.2026 posle završnog pregleda (§7)","provera integratora 30.09.2026 nad 1.2.1 radnim stablom (read-only grep): grep „:118-128” u srpskim fajlovima (bez istorijskih „Izmene 1.2.1” redova i registra) = samo handoff/backlog.csv:31 (W1-PR4, hotspot_files „workflow-harness.ts:118-128,213-374”); handoff/03-BACKLOG.md:795 kartica W1-PR4 „workflow-harness.ts:110-128,213-374”; kod: git show 2af0904d:packages/agent/src/workflow-harness.ts, interfejs HarnessRunState počinje na liniji 110 · ponovna provera 30.09.2026 nad tekstom 2758f4e5: delimično ispravljeno · završna provera 30.09.2026 posle §7: grep „:118-128” u tekućim instrukcijama (bez istorijskih „Izmene 1.2.1” redova i registra) = 0; backlog.csv:31 i backlog.en.csv:31 navode „workflow-harness.ts:110-128,213-374”",planer (vlasnik paketa); Durable owner · rok: pre starta W1-PR4 (najkasnije INT-02),neblokirajuće
finish/facts/f1/07,f1,finish,facts,pre-commit staging (before 2758f4e5),LOW,ADR-INDEX.md,ispravljeno — potvrđeno ponovnom proverom,ispravljeno u dokumentaciji; pojedinačno potvrđeno ponovnom proverom,"ponovna provera 30.09.2026 nad tekstom 2758f4e5: ADR-INDEX.md l.6: 'Fajlovi u ovom paketu: `docs/decisions/`'; Waggle_PRD_v1.2_DRAFT.md l.215 (PRD-06-05): 'Repro: `docs/plans/v1.2-evidence/phaseA/repro-harness.mjs` 01a–d'; Waggle_FRD_v1.2_DRAFT.md l.795: '`docs/plans/v1.2-evidence/tools/check_trace.mjs` (priložen uz paket; `node docs/plans/v1.2-evidence/tools/check_trace.mjs` iz korena repoa ...)'. Oba fajla postoje u paketu (plans/v1.2-evidence/phaseA/repro-harness.mjs, plans/v1.2-evidence/tools/check_trace.mjs). grep 'scratchpad' nad srpskim .md u docs/ nalazi samo namerno zadržanu stvarnu putanju w…",planer (vlasnik paketa),neblokirajuće
finish/traceability/f1/01,f1,finish,traceability,pre-commit staging (before 2758f4e5),MED,WAGGLE-DELIVERY-PLAN-v1.2.md,ispravljeno — potvrđeno ponovnom proverom,ispravljeno u dokumentaciji; pojedinačno potvrđeno ponovnom proverom,"ponovna provera 30.09.2026 nad tekstom 2758f4e5: plans/WAGGLE-DELIVERY-PLAN-v1.2.md l.633 TM-23: PRD kolona 'PRD-01-06, PRD-03-08, PRD-04-04 (C9), PRD-04-03 i PRD-09-10 (C17/R06), PRD-06-03 i PRD-05-05 (R07), ...'; FRD 'FRD-05.2, FRD-07.6 (C17/R06); FRD-05.2, FRD-05.4, FRD-02.6 (R07)'; AT 'AT-02, AT-16 (C17/R06); AT-21, AT-01 (R07); AT-15 samo kao zabeležen rizik (R23); C3/C7/C9 doc-only, bez runtime AT-a (Disposition §1/§3)'. PRD-01-04 se u fajlu javlja samo u TM-19 (l.629).",planer (vlasnik paketa),neblokirajuće
finish/traceability/f1/02,f1,finish,traceability,pre-commit staging (before 2758f4e5),MED,WAGGLE-DELIVERY-PLAN-v1.2.md,ispravljeno — potvrđeno ponovnom proverom,ispravljeno u dokumentaciji; pojedinačno potvrđeno ponovnom proverom,"ponovna provera 30.09.2026 nad tekstom 2758f4e5: plans/WAGGLE-DELIVERY-PLAN-v1.2.md l.123 W1-PR9: 'Detach/cancel u chatu po ADR-03-O1/O4 i FRD-04.4: `interaction:'work'` run je `DurableRun` od kreiranja (FRD-03.3, W1-PR4), pa je zatvaranje socket-a za njega **detach bez korisničke radnje** (`RunEvent(detached)`, run nastavlja pod lease-om; UI „Posao nastavlja u pozadini · View work”), a cancel je samo eksplicitan `POST /api/runs/:id/control {action:'cancel'}`; foreground R3-008 ... ostaje samo za `conversation`; opt-in dugme „nastavi u pozadini” nije ugovor (ADR-03-K2: danas ne postoji) — ako se želi,…",planer (vlasnik paketa),neblokirajuće
finish/traceability/f1/03,f1,finish,traceability,pre-commit staging (before 2758f4e5),MED,Waggle_FRD_v1.2_DRAFT.md,ispravljeno — potvrđeno ponovnom proverom,ispravljeno u dokumentaciji; pojedinačno potvrđeno ponovnom proverom,"ponovna provera 30.09.2026 nad tekstom 2758f4e5: Isti defekt kao finish/facts/f1/02 i checklist/f1/11. FRD L761 glasi '**114/114** (116 definisanih `FRD-nn.m` minus mape FRD-16.1/16.2; pravilo brojanja ...)', a PRD L628, Delivery L607 i OD-1 L181 su usklađeni. Skript je priložen u paketu (docs/plans/v1.2-evidence/tools/check_trace.mjs) i daje 114/114, exit 0 (read-only pokretanje 30.09.2026).",planer (vlasnik paketa),neblokirajuće
finish/traceability/f1/04,f1,finish,traceability,pre-commit staging (before 2758f4e5),MED,WAGGLE-AUDIT-DISPOSITION-v1.2.md,ispravljeno — potvrđeno ponovnom proverom,ispravljeno u dokumentaciji; pojedinačno potvrđeno ponovnom proverom,"ponovna provera 30.09.2026 nad tekstom 2758f4e5: docs/Waggle_PRD_v1.2_DRAFT.docx i docs/Waggle_FRD_v1.2_DRAFT.docx postoje. Disposition L189 OD-9: „Isporučeno 28.09.2026 (ranije ODLOŽENO) … PRD `.md` `8aa74f26…588f`; PRD `.docx` `932bb0ee…0f5e`; FRD `.md` `7ecc197f…a5d9`; FRD `.docx` `198ccd6c…325d`”. sha256sum 30.09.2026 u radnom stablu daje identične vrednosti za sva četiri fajla. PRD i FRD red 5: „DOCX izvoz … isporučeno 28.09.2026”; Delivery plan L601: „DOCX varijante … isporučene 28.09.2026”. Napomena: ako završno zatvaranje (H-07/H-08, revizijska linija 1.2.1) izmeni PRD/FRD .md, ovi heševi i DO…",planer (vlasnik paketa),neblokirajuće
finish/traceability/f1/05,f1,finish,traceability,pre-commit staging (before 2758f4e5),LOW,WAGGLE-DELIVERY-PLAN-v1.2.md,ispravljeno u 1.2.1 — potvrđeno završnom proverom,"TM-05 dobio R08/R10 i AT-10, TM-20 C21/R08, TM-22 PRD-01-06/FRD-11.1 (1.2.1, Delivery §7)","provera integratora 30.09.2026 nad 1.2.1 radnim stablom (read-only grep): plans/WAGGLE-DELIVERY-PLAN-v1.2.md:806 „| TM-05 | DIR-04/05/06, C8, C12, A6, A7, A8, R08, R10 |”; :821 „| TM-20 | DIR-02, D-06, D-08, C21, R08 |”; :823 „| TM-22 | … | PRD-03-09, PRD-12-05, PRD-01-06 | FRD-11.2, FRD-12.6, FRD-11.1 |” · ponovna provera 30.09.2026 nad tekstom 2758f4e5: otvoreno · završna provera 30.09.2026 nad 1.2.1 radnim stablom (read-only grep): plans/WAGGLE-DELIVERY-PLAN-v1.2.md:806 TM-05 izvor „R08, R10”, PRD-07-03/07-10, FRD-04.1/04.2, AT-07..AT-10; :821 TM-20 „C21, R08”, PRD-05-05, FRD-13.3, AT-22; :823 TM-22 PRD-01-06, FRD-11.1; :808 TM-07 i :818 TM-17 upućuju na primarne redove.",planer (vlasnik paketa) + tech lead,neblokirajuće
finish/traceability/f1/06,f1,finish,traceability,pre-commit staging (before 2758f4e5),LOW,WAGGLE-DELIVERY-PLAN-v1.2.md,ispravljeno u 1.2.1 — potvrđeno završnom proverom,AT-27 config deo upisan u Delivery §2 W0 „Exit testovi” (1.2.1); kapija ostaje u requires G1-EXIT u backlog-gates.csv; njen uslov je ispunjen tekstom 1.2.1 (završna provera),"provera integratora 30.09.2026 nad 1.2.1 radnim stablom (read-only grep): plans/WAGGLE-DELIVERY-PLAN-v1.2.md:104 W0 „Exit testovi” sadrži „AT-27 config deo (config read-compatible + `tier-enforcement-matrix` tripwire, W0-PR12 …”; handoff/backlog-gates.csv:43 G1-EXIT requires „finish/traceability/f1/06” · ponovna provera 30.09.2026 nad tekstom 2758f4e5: otvoreno · završna provera 30.09.2026 nad 1.2.1 radnim stablom (read-only grep): plans/WAGGLE-DELIVERY-PLAN-v1.2.md:104 W0 „Exit testovi” sadrži „AT-27 config deo (config read-compatible + `tier-enforcement-matrix` tripwire, W0-PR12; MIG-04(A)/MIG-05(i) Klasa A nad golden fixture-om W0-PR19 — G1 exit (j) …”; uslov kapije `finish/traceability/f1/06` u handoff/backlog-gates.csv („Delivery §2 W0 „Exit testovi” navodi AT-27 config deo”) je ispunjen tekstom; kapija ostaje u requires G1-EXIT i proverava se pri G1 exit-u.",tech lead; Boundary owner (W0-PR12) · rok: pre zatvaranja W0 exit liste,blocker tiketa: G1-EXIT (exit)
finish/traceability/f1/07,f1,finish,traceability,pre-commit staging (before 2758f4e5),LOW,WAGGLE-BENCHMARK-PROTOCOL-DRAFT.md,ispravljeno u 1.2.1 — potvrđeno završnom proverom,BP-INV-01 upućuje na BP-SEL-04 (1.2.1),"provera integratora 30.09.2026 nad 1.2.1 radnim stablom (read-only grep): plans/WAGGLE-BENCHMARK-PROTOCOL-DRAFT.md:55 red BP-INV-01 više ne sadrži „BP-SEC-04” (jedini preostali pomen je istorijski red „Izmene 1.2.1”, :7); BP-SEL-04 definisan na :206 · ponovna provera 30.09.2026 nad tekstom 2758f4e5: otvoreno · završna provera 30.09.2026 nad 1.2.1 radnim stablom (read-only grep): plans/WAGGLE-BENCHMARK-PROTOCOL-DRAFT.md:55 BP-INV-01 bez „BP-SEC-04”; grep „BP-SEC” = 1 (istorijski red „Izmene 1.2.1”, :7); BP-SEL-04 definisan na :206.",Benchmark owner,neblokirajuće
finish/traceability/f1/08,f1,finish,traceability,pre-commit staging (before 2758f4e5),LOW,WAGGLE-AUDIT-DISPOSITION-v1.2.md,ispravljeno u 1.2.1 — potvrđeno završnom proverom,R05 kolona Odluka preformulisana po konvenciji §0 (1.2.1),"provera integratora 30.09.2026 nad 1.2.1 radnim stablom (read-only grep): plans/WAGGLE-AUDIT-DISPOSITION-v1.2.md:146 R05 „ODLOŽENO** (PREDLOG — SMER BRIEFA §19 R05, DIR-16/DIR-19; kontekst: ODLUKA D-07 — Home se čuva i ne projektuje ponovo; ODLUKA D-14 — rutine ostaju deo proizvoda kao trigger; nijedna ne odlučuje o odlaganju)” · ponovna provera 30.09.2026 nad tekstom 2758f4e5: otvoreno · završna provera 30.09.2026 nad 1.2.1 radnim stablom (read-only grep): plans/WAGGLE-AUDIT-DISPOSITION-v1.2.md:146 R05 „ODLOŽENO** (PREDLOG — SMER BRIEFA §19 R05, DIR-16/DIR-19; kontekst: ODLUKA D-07 …; ODLUKA D-14 …; nijedna ne odlučuje o odlaganju)”, u obliku konvencije §0.",planer (vlasnik paketa),neblokirajuće
handoff/newcomer/r1/01,r1,handoff,newcomer,pre-commit staging (before 2758f4e5),HIGH,00-START-HERE.md,primenjeno po izveštaju popravljača — pojedinačno nije ponovo provereno,izmena prema izveštaju popravljača; sadržaj nije pojedinačno ponovo proveren; isti dokument je posle toga prošao krug handoff/r2 (to nije pojedinačna provera),all-fixer-reports.json › fix:00-START-HERE.md:r1 (veza fajl + krug; izveštaji ne navode ID nalaza) (izveštaj navodi 8 primenjenih od 13 sirovih HIGH/MED nalaza za taj fajl i krug; duplikati su spajani pre popravke),planer (vlasnik paketa),neblokirajuće
handoff/newcomer/r1/02,r1,handoff,newcomer,pre-commit staging (before 2758f4e5),HIGH,01-ONBOARDING-DEV-ENV.md,primenjeno po izveštaju popravljača — pojedinačno nije ponovo provereno,izmena prema izveštaju popravljača; sadržaj nije pojedinačno ponovo proveren; isti dokument je posle toga prošao krug handoff/r2 (to nije pojedinačna provera),all-fixer-reports.json › fix:01-ONBOARDING-DEV-ENV.md:r1 (veza fajl + krug; izveštaji ne navode ID nalaza) (izveštaj ne navodi broj primenjenih nalaza),planer (vlasnik paketa),neblokirajuće
handoff/newcomer/r1/03,r1,handoff,newcomer,pre-commit staging (before 2758f4e5),HIGH,02-WORKING-AGREEMENT.md,primenjeno po izveštaju popravljača — pojedinačno nije ponovo provereno,izmena prema izveštaju popravljača; sadržaj nije pojedinačno ponovo proveren; isti dokument je posle toga prošao krug handoff/r2 (to nije pojedinačna provera),all-fixer-reports.json › fix:02-WORKING-AGREEMENT.md:r1 (veza fajl + krug; izveštaji ne navode ID nalaza) (izveštaj navodi 2 primenjenih od 6 sirovih HIGH/MED nalaza za taj fajl i krug; duplikati su spajani pre popravke),planer (vlasnik paketa),neblokirajuće
handoff/newcomer/r1/04,r1,handoff,newcomer,pre-commit staging (before 2758f4e5),MED,00-START-HERE.md,primenjeno po izveštaju popravljača — pojedinačno nije ponovo provereno,izmena prema izveštaju popravljača; sadržaj nije pojedinačno ponovo proveren; isti dokument je posle toga prošao krug handoff/r2 (to nije pojedinačna provera),all-fixer-reports.json › fix:00-START-HERE.md:r1 (veza fajl + krug; izveštaji ne navode ID nalaza) (izveštaj navodi 8 primenjenih od 13 sirovih HIGH/MED nalaza za taj fajl i krug; duplikati su spajani pre popravke),planer (vlasnik paketa),neblokirajuće
handoff/newcomer/r1/05,r1,handoff,newcomer,pre-commit staging (before 2758f4e5),MED,01-ONBOARDING-DEV-ENV.md,primenjeno po izveštaju popravljača — pojedinačno nije ponovo provereno,izmena prema izveštaju popravljača; sadržaj nije pojedinačno ponovo proveren; isti dokument je posle toga prošao krug handoff/r2 (to nije pojedinačna provera),all-fixer-reports.json › fix:01-ONBOARDING-DEV-ENV.md:r1 (veza fajl + krug; izveštaji ne navode ID nalaza) (izveštaj ne navodi broj primenjenih nalaza),planer (vlasnik paketa),neblokirajuće
handoff/newcomer/r1/06,r1,handoff,newcomer,pre-commit staging (before 2758f4e5),MED,02-WORKING-AGREEMENT.md,primenjeno po izveštaju popravljača — pojedinačno nije ponovo provereno,izmena prema izveštaju popravljača; sadržaj nije pojedinačno ponovo proveren; isti dokument je posle toga prošao krug handoff/r2 (to nije pojedinačna provera),all-fixer-reports.json › fix:02-WORKING-AGREEMENT.md:r1 (veza fajl + krug; izveštaji ne navode ID nalaza) (izveštaj navodi 2 primenjenih od 6 sirovih HIGH/MED nalaza za taj fajl i krug; duplikati su spajani pre popravke),planer (vlasnik paketa),neblokirajuće
handoff/newcomer/r1/07,r1,handoff,newcomer,pre-commit staging (before 2758f4e5),MED,00-START-HERE.md,primenjeno po izveštaju popravljača — pojedinačno nije ponovo provereno,izmena prema izveštaju popravljača; sadržaj nije pojedinačno ponovo proveren; isti dokument je posle toga prošao krug handoff/r2 (to nije pojedinačna provera),all-fixer-reports.json › fix:00-START-HERE.md:r1 (veza fajl + krug; izveštaji ne navode ID nalaza) (izveštaj navodi 8 primenjenih od 13 sirovih HIGH/MED nalaza za taj fajl i krug; duplikati su spajani pre popravke),planer (vlasnik paketa),neblokirajuće
handoff/newcomer/r1/08,r1,handoff,newcomer,pre-commit staging (before 2758f4e5),MED,01-ONBOARDING-DEV-ENV.md,primenjeno po izveštaju popravljača — pojedinačno nije ponovo provereno,izmena prema izveštaju popravljača; sadržaj nije pojedinačno ponovo proveren; isti dokument je posle toga prošao krug handoff/r2 (to nije pojedinačna provera),all-fixer-reports.json › fix:01-ONBOARDING-DEV-ENV.md:r1 (veza fajl + krug; izveštaji ne navode ID nalaza) (izveštaj ne navodi broj primenjenih nalaza),planer (vlasnik paketa),neblokirajuće
handoff/newcomer/r1/09,r1,handoff,newcomer,pre-commit staging (before 2758f4e5),MED,00-START-HERE.md,primenjeno po izveštaju popravljača — pojedinačno nije ponovo provereno,izmena prema izveštaju popravljača; sadržaj nije pojedinačno ponovo proveren; isti dokument je posle toga prošao krug handoff/r2 (to nije pojedinačna provera),all-fixer-reports.json › fix:00-START-HERE.md:r1 (veza fajl + krug; izveštaji ne navode ID nalaza) (izveštaj navodi 8 primenjenih od 13 sirovih HIGH/MED nalaza za taj fajl i krug; duplikati su spajani pre popravke),planer (vlasnik paketa),neblokirajuće
handoff/newcomer/r1/10,r1,handoff,newcomer,pre-commit staging (before 2758f4e5),MED,05-RISKS-DECISIONS-ESCALATION.md,primenjeno po izveštaju popravljača — pojedinačno nije ponovo provereno,izmena prema izveštaju popravljača; sadržaj nije pojedinačno ponovo proveren; isti dokument je posle toga prošao krug handoff/r2 (to nije pojedinačna provera),all-fixer-reports.json › fix:05-RISKS-DECISIONS-ESCALATION.md:r1 (veza fajl + krug; izveštaji ne navode ID nalaza),planer (vlasnik paketa),neblokirajuće
handoff/newcomer/r1/11,r1,handoff,newcomer,pre-commit staging (before 2758f4e5),MED,02-WORKING-AGREEMENT.md,primenjeno po izveštaju popravljača — pojedinačno nije ponovo provereno,izmena prema izveštaju popravljača; sadržaj nije pojedinačno ponovo proveren; isti dokument je posle toga prošao krug handoff/r2 (to nije pojedinačna provera),all-fixer-reports.json › fix:02-WORKING-AGREEMENT.md:r1 (veza fajl + krug; izveštaji ne navode ID nalaza) (izveštaj navodi 2 primenjenih od 6 sirovih HIGH/MED nalaza za taj fajl i krug; duplikati su spajani pre popravke),planer (vlasnik paketa),neblokirajuće
handoff/newcomer/r1/12,r1,handoff,newcomer,pre-commit staging (before 2758f4e5),MED,00-START-HERE.md,primenjeno po izveštaju popravljača — pojedinačno nije ponovo provereno,izmena prema izveštaju popravljača; sadržaj nije pojedinačno ponovo proveren; isti dokument je posle toga prošao krug handoff/r2 (to nije pojedinačna provera),all-fixer-reports.json › fix:00-START-HERE.md:r1 (veza fajl + krug; izveštaji ne navode ID nalaza) (izveštaj navodi 8 primenjenih od 13 sirovih HIGH/MED nalaza za taj fajl i krug; duplikati su spajani pre popravke),planer (vlasnik paketa),neblokirajuće
handoff/newcomer/r1/13,r1,handoff,newcomer,pre-commit staging (before 2758f4e5),MED,00-START-HERE.md,primenjeno po izveštaju popravljača — pojedinačno nije ponovo provereno,izmena prema izveštaju popravljača; sadržaj nije pojedinačno ponovo proveren; isti dokument je posle toga prošao krug handoff/r2 (to nije pojedinačna provera),all-fixer-reports.json › fix:00-START-HERE.md:r1 (veza fajl + krug; izveštaji ne navode ID nalaza) (izveštaj navodi 8 primenjenih od 13 sirovih HIGH/MED nalaza za taj fajl i krug; duplikati su spajani pre popravke),planer (vlasnik paketa),neblokirajuće
handoff/newcomer/r1/14,r1,handoff,newcomer,pre-commit staging (before 2758f4e5),LOW,01-ONBOARDING-DEV-ENV.md,nije potvrđeno,LOW krugova provere predaje nije poslat popravljaču i nije pojedinačno proveren; nije potvrđeno ni da važi ni da je ispravljen,"all-fixer-reports.json › fix:01-ONBOARDING-DEV-ENV.md:r1 postoji za isti fajl i krug, ali navodi samo HIGH/MED stavke (izveštaj ne navodi broj); nijedan izveštaj kruga handoff ne obrađuje LOW","planer (vlasnik paketa); trijaža: tech lead · rok: pre prvog doc-only PR-a koji menja 01-ONBOARDING-DEV-ENV.md, najkasnije pre G1-EXIT",neblokirajuće
handoff/newcomer/r1/15,r1,handoff,newcomer,pre-commit staging (before 2758f4e5),LOW,00-START-HERE.md,nije potvrđeno,LOW krugova provere predaje nije poslat popravljaču i nije pojedinačno proveren; nije potvrđeno ni da važi ni da je ispravljen,"all-fixer-reports.json › fix:00-START-HERE.md:r1 postoji za isti fajl i krug, ali navodi samo HIGH/MED stavke (izveštaj navodi 8 primenjenih); nijedan izveštaj kruga handoff ne obrađuje LOW","planer (vlasnik paketa); trijaža: tech lead · rok: pre prvog doc-only PR-a koji menja 00-START-HERE.md, najkasnije pre G1-EXIT",neblokirajuće
handoff/newcomer/r1/16,r1,handoff,newcomer,pre-commit staging (before 2758f4e5),LOW,00-START-HERE.md,nije potvrđeno,LOW krugova provere predaje nije poslat popravljaču i nije pojedinačno proveren; nije potvrđeno ni da važi ni da je ispravljen,"all-fixer-reports.json › fix:00-START-HERE.md:r1 postoji za isti fajl i krug, ali navodi samo HIGH/MED stavke (izveštaj navodi 8 primenjenih); nijedan izveštaj kruga handoff ne obrađuje LOW","planer (vlasnik paketa); trijaža: tech lead · rok: pre prvog doc-only PR-a koji menja 00-START-HERE.md, najkasnije pre G1-EXIT",neblokirajuće
handoff/newcomer/r1/17,r1,handoff,newcomer,pre-commit staging (before 2758f4e5),LOW,02-WORKING-AGREEMENT.md,nije potvrđeno,LOW krugova provere predaje nije poslat popravljaču i nije pojedinačno proveren; nije potvrđeno ni da važi ni da je ispravljen,"all-fixer-reports.json › fix:02-WORKING-AGREEMENT.md:r1 postoji za isti fajl i krug, ali navodi samo HIGH/MED stavke (izveštaj navodi 2 primenjenih); nijedan izveštaj kruga handoff ne obrađuje LOW","planer (vlasnik paketa); trijaža: tech lead · rok: pre prvog doc-only PR-a koji menja 02-WORKING-AGREEMENT.md, najkasnije pre G1-EXIT",neblokirajuće
handoff/newcomer/r1/18,r1,handoff,newcomer,pre-commit staging (before 2758f4e5),LOW,00-START-HERE.md,nije potvrđeno,LOW krugova provere predaje nije poslat popravljaču i nije pojedinačno proveren; nije potvrđeno ni da važi ni da je ispravljen,"all-fixer-reports.json › fix:00-START-HERE.md:r1 postoji za isti fajl i krug, ali navodi samo HIGH/MED stavke (izveštaj navodi 8 primenjenih); nijedan izveštaj kruga handoff ne obrađuje LOW","planer (vlasnik paketa); trijaža: tech lead · rok: pre prvog doc-only PR-a koji menja 00-START-HERE.md, najkasnije pre G1-EXIT",neblokirajuće
handoff/newcomer/r1/19,r1,handoff,newcomer,pre-commit staging (before 2758f4e5),LOW,02-WORKING-AGREEMENT.md,nije potvrđeno,LOW krugova provere predaje nije poslat popravljaču i nije pojedinačno proveren; nije potvrđeno ni da važi ni da je ispravljen,"all-fixer-reports.json › fix:02-WORKING-AGREEMENT.md:r1 postoji za isti fajl i krug, ali navodi samo HIGH/MED stavke (izveštaj navodi 2 primenjenih); nijedan izveštaj kruga handoff ne obrađuje LOW","planer (vlasnik paketa); trijaža: tech lead · rok: pre prvog doc-only PR-a koji menja 02-WORKING-AGREEMENT.md, najkasnije pre G1-EXIT",neblokirajuće
handoff/newcomer/r1/20,r1,handoff,newcomer,pre-commit staging (before 2758f4e5),LOW,02-WORKING-AGREEMENT.md,nije potvrđeno,LOW krugova provere predaje nije poslat popravljaču i nije pojedinačno proveren; nije potvrđeno ni da važi ni da je ispravljen,"all-fixer-reports.json › fix:02-WORKING-AGREEMENT.md:r1 postoji za isti fajl i krug, ali navodi samo HIGH/MED stavke (izveštaj navodi 2 primenjenih); nijedan izveštaj kruga handoff ne obrađuje LOW","planer (vlasnik paketa); trijaža: tech lead · rok: pre prvog doc-only PR-a koji menja 02-WORKING-AGREEMENT.md, najkasnije pre G1-EXIT",neblokirajuće
handoff/consistency/r1/01,r1,handoff,consistency,pre-commit staging (before 2758f4e5),HIGH,00-START-HERE.md,primenjeno po izveštaju popravljača — pojedinačno nije ponovo provereno,izmena prema izveštaju popravljača; sadržaj nije pojedinačno ponovo proveren; isti dokument je posle toga prošao krug handoff/r2 (to nije pojedinačna provera),all-fixer-reports.json › fix:00-START-HERE.md:r1 (veza fajl + krug; izveštaji ne navode ID nalaza) (izveštaj navodi 8 primenjenih od 13 sirovih HIGH/MED nalaza za taj fajl i krug; duplikati su spajani pre popravke),planer (vlasnik paketa),neblokirajuće
handoff/consistency/r1/02,r1,handoff,consistency,pre-commit staging (before 2758f4e5),HIGH,00-START-HERE.md,primenjeno po izveštaju popravljača — pojedinačno nije ponovo provereno,izmena prema izveštaju popravljača; sadržaj nije pojedinačno ponovo proveren; isti dokument je posle toga prošao krug handoff/r2 (to nije pojedinačna provera),all-fixer-reports.json › fix:00-START-HERE.md:r1 (veza fajl + krug; izveštaji ne navode ID nalaza) (izveštaj navodi 8 primenjenih od 13 sirovih HIGH/MED nalaza za taj fajl i krug; duplikati su spajani pre popravke),planer (vlasnik paketa),neblokirajuće
handoff/consistency/r1/03,r1,handoff,consistency,pre-commit staging (before 2758f4e5),MED,00-START-HERE.md,primenjeno po izveštaju popravljača — pojedinačno nije ponovo provereno,izmena prema izveštaju popravljača; sadržaj nije pojedinačno ponovo proveren; isti dokument je posle toga prošao krug handoff/r2 (to nije pojedinačna provera),all-fixer-reports.json › fix:00-START-HERE.md:r1 (veza fajl + krug; izveštaji ne navode ID nalaza) (izveštaj navodi 8 primenjenih od 13 sirovih HIGH/MED nalaza za taj fajl i krug; duplikati su spajani pre popravke),planer (vlasnik paketa),neblokirajuće
handoff/consistency/r1/04,r1,handoff,consistency,pre-commit staging (before 2758f4e5),MED,01-ONBOARDING-DEV-ENV.md,primenjeno po izveštaju popravljača — pojedinačno nije ponovo provereno,izmena prema izveštaju popravljača; sadržaj nije pojedinačno ponovo proveren; isti dokument je posle toga prošao krug handoff/r2 (to nije pojedinačna provera),all-fixer-reports.json › fix:01-ONBOARDING-DEV-ENV.md:r1 (veza fajl + krug; izveštaji ne navode ID nalaza) (izveštaj ne navodi broj primenjenih nalaza),planer (vlasnik paketa),neblokirajuće
handoff/consistency/r1/05,r1,handoff,consistency,pre-commit staging (before 2758f4e5),MED,02-WORKING-AGREEMENT.md,primenjeno po izveštaju popravljača — pojedinačno nije ponovo provereno,izmena prema izveštaju popravljača; sadržaj nije pojedinačno ponovo proveren; isti dokument je posle toga prošao krug handoff/r2 (to nije pojedinačna provera),all-fixer-reports.json › fix:02-WORKING-AGREEMENT.md:r1 (veza fajl + krug; izveštaji ne navode ID nalaza) (izveštaj navodi 2 primenjenih od 6 sirovih HIGH/MED nalaza za taj fajl i krug; duplikati su spajani pre popravke),planer (vlasnik paketa),neblokirajuće
handoff/consistency/r1/06,r1,handoff,consistency,pre-commit staging (before 2758f4e5),MED,02-WORKING-AGREEMENT.md,primenjeno po izveštaju popravljača — pojedinačno nije ponovo provereno,izmena prema izveštaju popravljača; sadržaj nije pojedinačno ponovo proveren; isti dokument je posle toga prošao krug handoff/r2 (to nije pojedinačna provera),all-fixer-reports.json › fix:02-WORKING-AGREEMENT.md:r1 (veza fajl + krug; izveštaji ne navode ID nalaza) (izveštaj navodi 2 primenjenih od 6 sirovih HIGH/MED nalaza za taj fajl i krug; duplikati su spajani pre popravke),planer (vlasnik paketa),neblokirajuće
handoff/consistency/r1/07,r1,handoff,consistency,pre-commit staging (before 2758f4e5),MED,04-CODEBASE-MAP.md,primenjeno po izveštaju popravljača — pojedinačno nije ponovo provereno,izmena prema izveštaju popravljača; sadržaj nije pojedinačno ponovo proveren; isti dokument je posle toga prošao krug handoff/r2 (to nije pojedinačna provera),all-fixer-reports.json › fix:04-CODEBASE-MAP.md:r1 (veza fajl + krug; izveštaji ne navode ID nalaza),planer (vlasnik paketa),neblokirajuće
handoff/consistency/r1/08,r1,handoff,consistency,pre-commit staging (before 2758f4e5),MED,00-START-HERE.md,primenjeno po izveštaju popravljača — pojedinačno nije ponovo provereno,izmena prema izveštaju popravljača; sadržaj nije pojedinačno ponovo proveren; isti dokument je posle toga prošao krug handoff/r2 (to nije pojedinačna provera),all-fixer-reports.json › fix:00-START-HERE.md:r1 (veza fajl + krug; izveštaji ne navode ID nalaza) (izveštaj navodi 8 primenjenih od 13 sirovih HIGH/MED nalaza za taj fajl i krug; duplikati su spajani pre popravke),planer (vlasnik paketa),neblokirajuće
handoff/consistency/r1/09,r1,handoff,consistency,pre-commit staging (before 2758f4e5),MED,00-START-HERE.md,primenjeno po izveštaju popravljača — pojedinačno nije ponovo provereno,izmena prema izveštaju popravljača; sadržaj nije pojedinačno ponovo proveren; isti dokument je posle toga prošao krug handoff/r2 (to nije pojedinačna provera),all-fixer-reports.json › fix:00-START-HERE.md:r1 (veza fajl + krug; izveštaji ne navode ID nalaza) (izveštaj navodi 8 primenjenih od 13 sirovih HIGH/MED nalaza za taj fajl i krug; duplikati su spajani pre popravke),planer (vlasnik paketa),neblokirajuće
handoff/consistency/r1/10,r1,handoff,consistency,pre-commit staging (before 2758f4e5),MED,03-BACKLOG.md,primenjeno po izveštaju popravljača — pojedinačno nije ponovo provereno,izmena prema izveštaju popravljača; sadržaj nije pojedinačno ponovo proveren; isti dokument je posle toga prošao krug handoff/r2 (to nije pojedinačna provera),all-fixer-reports.json › fix:03-BACKLOG.md:r1 (veza fajl + krug; izveštaji ne navode ID nalaza),planer (vlasnik paketa),neblokirajuće
handoff/consistency/r1/11,r1,handoff,consistency,pre-commit staging (before 2758f4e5),LOW,05-RISKS-DECISIONS-ESCALATION.md,nije potvrđeno,LOW krugova provere predaje nije poslat popravljaču i nije pojedinačno proveren; nije potvrđeno ni da važi ni da je ispravljen,"all-fixer-reports.json › fix:05-RISKS-DECISIONS-ESCALATION.md:r1 postoji za isti fajl i krug, ali navodi samo HIGH/MED stavke (izveštaj navodi 1 primenjenih); nijedan izveštaj kruga handoff ne obrađuje LOW","planer (vlasnik paketa); trijaža: tech lead · rok: pre prvog doc-only PR-a koji menja 05-RISKS-DECISIONS-ESCALATION.md, najkasnije pre G1-EXIT",neblokirajuće
handoff/consistency/r1/12,r1,handoff,consistency,pre-commit staging (before 2758f4e5),LOW,05-RISKS-DECISIONS-ESCALATION.md,nije potvrđeno,LOW krugova provere predaje nije poslat popravljaču i nije pojedinačno proveren; nije potvrđeno ni da važi ni da je ispravljen,"all-fixer-reports.json › fix:05-RISKS-DECISIONS-ESCALATION.md:r1 postoji za isti fajl i krug, ali navodi samo HIGH/MED stavke (izveštaj navodi 1 primenjenih); nijedan izveštaj kruga handoff ne obrađuje LOW","planer (vlasnik paketa); trijaža: tech lead · rok: pre prvog doc-only PR-a koji menja 05-RISKS-DECISIONS-ESCALATION.md, najkasnije pre G1-EXIT",neblokirajuće
handoff/consistency/r1/13,r1,handoff,consistency,pre-commit staging (before 2758f4e5),LOW,05-RISKS-DECISIONS-ESCALATION.md,nije potvrđeno,LOW krugova provere predaje nije poslat popravljaču i nije pojedinačno proveren; nije potvrđeno ni da važi ni da je ispravljen,"all-fixer-reports.json › fix:05-RISKS-DECISIONS-ESCALATION.md:r1 postoji za isti fajl i krug, ali navodi samo HIGH/MED stavke (izveštaj navodi 1 primenjenih); nijedan izveštaj kruga handoff ne obrađuje LOW","planer (vlasnik paketa); trijaža: tech lead · rok: pre prvog doc-only PR-a koji menja 05-RISKS-DECISIONS-ESCALATION.md, najkasnije pre G1-EXIT",neblokirajuće
handoff/consistency/r1/14,r1,handoff,consistency,pre-commit staging (before 2758f4e5),LOW,02-WORKING-AGREEMENT.md,nije potvrđeno,LOW krugova provere predaje nije poslat popravljaču i nije pojedinačno proveren; nije potvrđeno ni da važi ni da je ispravljen,"all-fixer-reports.json › fix:02-WORKING-AGREEMENT.md:r1 postoji za isti fajl i krug, ali navodi samo HIGH/MED stavke (izveštaj navodi 2 primenjenih); nijedan izveštaj kruga handoff ne obrađuje LOW","planer (vlasnik paketa); trijaža: tech lead · rok: pre prvog doc-only PR-a koji menja 02-WORKING-AGREEMENT.md, najkasnije pre G1-EXIT",neblokirajuće
handoff/consistency/r1/15,r1,handoff,consistency,pre-commit staging (before 2758f4e5),LOW,02-WORKING-AGREEMENT.md,nije potvrđeno,LOW krugova provere predaje nije poslat popravljaču i nije pojedinačno proveren; nije potvrđeno ni da važi ni da je ispravljen,"all-fixer-reports.json › fix:02-WORKING-AGREEMENT.md:r1 postoji za isti fajl i krug, ali navodi samo HIGH/MED stavke (izveštaj navodi 2 primenjenih); nijedan izveštaj kruga handoff ne obrađuje LOW","planer (vlasnik paketa); trijaža: tech lead · rok: pre prvog doc-only PR-a koji menja 02-WORKING-AGREEMENT.md, najkasnije pre G1-EXIT",neblokirajuće
handoff/consistency/r1/16,r1,handoff,consistency,pre-commit staging (before 2758f4e5),LOW,04-CODEBASE-MAP.md,nije potvrđeno,LOW krugova provere predaje nije poslat popravljaču i nije pojedinačno proveren; nije potvrđeno ni da važi ni da je ispravljen,"all-fixer-reports.json › fix:04-CODEBASE-MAP.md:r1 postoji za isti fajl i krug, ali navodi samo HIGH/MED stavke (izveštaj navodi 1 primenjenih); nijedan izveštaj kruga handoff ne obrađuje LOW","planer (vlasnik paketa); trijaža: tech lead · rok: pre prvog doc-only PR-a koji menja 04-CODEBASE-MAP.md, najkasnije pre G1-EXIT",neblokirajuće
handoff/consistency/r1/17,r1,handoff,consistency,pre-commit staging (before 2758f4e5),LOW,backlog.csv,nije potvrđeno,LOW krugova provere predaje nije poslat popravljaču i nije pojedinačno proveren; nije potvrđeno ni da važi ni da je ispravljen,"all-fixer-reports.json › fix:backlog.csv:r1 postoji za isti fajl i krug, ali navodi samo HIGH/MED stavke (izveštaj navodi 1 primenjenih); nijedan izveštaj kruga handoff ne obrađuje LOW","planer (vlasnik paketa); trijaža: tech lead · rok: pre prvog doc-only PR-a koji menja backlog.csv, najkasnije pre G1-EXIT",neblokirajuće
handoff/consistency/r1/18,r1,handoff,consistency,pre-commit staging (before 2758f4e5),LOW,01-ONBOARDING-DEV-ENV.md,nije potvrđeno,LOW krugova provere predaje nije poslat popravljaču i nije pojedinačno proveren; nije potvrđeno ni da važi ni da je ispravljen,"all-fixer-reports.json › fix:01-ONBOARDING-DEV-ENV.md:r1 postoji za isti fajl i krug, ali navodi samo HIGH/MED stavke (izveštaj ne navodi broj); nijedan izveštaj kruga handoff ne obrađuje LOW","planer (vlasnik paketa); trijaža: tech lead · rok: pre prvog doc-only PR-a koji menja 01-ONBOARDING-DEV-ENV.md, najkasnije pre G1-EXIT",neblokirajuće
handoff/backlog/r1/01,r1,handoff,backlog,pre-commit staging (before 2758f4e5),MED,03-BACKLOG.md,primenjeno po izveštaju popravljača — pojedinačno nije ponovo provereno,izmena prema izveštaju popravljača; sadržaj nije pojedinačno ponovo proveren; isti dokument je posle toga prošao krug handoff/r2 (to nije pojedinačna provera),all-fixer-reports.json › fix:03-BACKLOG.md:r1 (veza fajl + krug; izveštaji ne navode ID nalaza),planer (vlasnik paketa),neblokirajuće
handoff/backlog/r1/02,r1,handoff,backlog,pre-commit staging (before 2758f4e5),MED,backlog.csv,primenjeno po izveštaju popravljača — pojedinačno nije ponovo provereno,izmena prema izveštaju popravljača; sadržaj nije pojedinačno ponovo proveren; isti dokument je posle toga prošao krug handoff/r2 (to nije pojedinačna provera),all-fixer-reports.json › fix:backlog.csv:r1 (veza fajl + krug; izveštaji ne navode ID nalaza),planer (vlasnik paketa),neblokirajuće
handoff/backlog/r1/03,r1,handoff,backlog,pre-commit staging (before 2758f4e5),LOW,backlog.csv,nije potvrđeno,LOW krugova provere predaje nije poslat popravljaču i nije pojedinačno proveren; nije potvrđeno ni da važi ni da je ispravljen,"all-fixer-reports.json › fix:backlog.csv:r1 postoji za isti fajl i krug, ali navodi samo HIGH/MED stavke (izveštaj navodi 1 primenjenih); nijedan izveštaj kruga handoff ne obrađuje LOW","planer (vlasnik paketa); trijaža: tech lead · rok: pre prvog doc-only PR-a koji menja backlog.csv, najkasnije pre G1-EXIT",neblokirajuće
handoff/backlog/r1/04,r1,handoff,backlog,pre-commit staging (before 2758f4e5),LOW,03-BACKLOG.md,nije potvrđeno,LOW krugova provere predaje nije poslat popravljaču i nije pojedinačno proveren; nije potvrđeno ni da važi ni da je ispravljen,"all-fixer-reports.json › fix:03-BACKLOG.md:r1 postoji za isti fajl i krug, ali navodi samo HIGH/MED stavke (izveštaj navodi 2 primenjenih); nijedan izveštaj kruga handoff ne obrađuje LOW","planer (vlasnik paketa); trijaža: tech lead · rok: pre prvog doc-only PR-a koji menja 03-BACKLOG.md, najkasnije pre G1-EXIT",neblokirajuće
handoff/backlog/r1/05,r1,handoff,backlog,pre-commit staging (before 2758f4e5),LOW,backlog.csv,nije potvrđeno,LOW krugova provere predaje nije poslat popravljaču i nije pojedinačno proveren; nije potvrđeno ni da važi ni da je ispravljen,"all-fixer-reports.json › fix:backlog.csv:r1 postoji za isti fajl i krug, ali navodi samo HIGH/MED stavke (izveštaj navodi 1 primenjenih); nijedan izveštaj kruga handoff ne obrađuje LOW","planer (vlasnik paketa); trijaža: tech lead · rok: pre prvog doc-only PR-a koji menja backlog.csv, najkasnije pre G1-EXIT",neblokirajuće
handoff/backlog/r1/06,r1,handoff,backlog,pre-commit staging (before 2758f4e5),LOW,backlog.csv,nije potvrđeno,LOW krugova provere predaje nije poslat popravljaču i nije pojedinačno proveren; nije potvrđeno ni da važi ni da je ispravljen,"all-fixer-reports.json › fix:backlog.csv:r1 postoji za isti fajl i krug, ali navodi samo HIGH/MED stavke (izveštaj navodi 1 primenjenih); nijedan izveštaj kruga handoff ne obrađuje LOW","planer (vlasnik paketa); trijaža: tech lead · rok: pre prvog doc-only PR-a koji menja backlog.csv, najkasnije pre G1-EXIT",neblokirajuće
handoff/backlog/r1/07,r1,handoff,backlog,pre-commit staging (before 2758f4e5),LOW,03-BACKLOG.md,nije potvrđeno,LOW krugova provere predaje nije poslat popravljaču i nije pojedinačno proveren; nije potvrđeno ni da važi ni da je ispravljen,"all-fixer-reports.json › fix:03-BACKLOG.md:r1 postoji za isti fajl i krug, ali navodi samo HIGH/MED stavke (izveštaj navodi 2 primenjenih); nijedan izveštaj kruga handoff ne obrađuje LOW","planer (vlasnik paketa); trijaža: tech lead · rok: pre prvog doc-only PR-a koji menja 03-BACKLOG.md, najkasnije pre G1-EXIT",neblokirajuće
handoff/backlog/r1/08,r1,handoff,backlog,pre-commit staging (before 2758f4e5),LOW,03-BACKLOG.md,nije potvrđeno,LOW krugova provere predaje nije poslat popravljaču i nije pojedinačno proveren; nije potvrđeno ni da važi ni da je ispravljen,"all-fixer-reports.json › fix:03-BACKLOG.md:r1 postoji za isti fajl i krug, ali navodi samo HIGH/MED stavke (izveštaj navodi 2 primenjenih); nijedan izveštaj kruga handoff ne obrađuje LOW","planer (vlasnik paketa); trijaža: tech lead · rok: pre prvog doc-only PR-a koji menja 03-BACKLOG.md, najkasnije pre G1-EXIT",neblokirajuće
handoff/backlog/r1/09,r1,handoff,backlog,pre-commit staging (before 2758f4e5),LOW,03-BACKLOG.md,nije potvrđeno,LOW krugova provere predaje nije poslat popravljaču i nije pojedinačno proveren; nije potvrđeno ni da važi ni da je ispravljen,"all-fixer-reports.json › fix:03-BACKLOG.md:r1 postoji za isti fajl i krug, ali navodi samo HIGH/MED stavke (izveštaj navodi 2 primenjenih); nijedan izveštaj kruga handoff ne obrađuje LOW","planer (vlasnik paketa); trijaža: tech lead · rok: pre prvog doc-only PR-a koji menja 03-BACKLOG.md, najkasnije pre G1-EXIT",neblokirajuće
handoff/backlog/r1/10,r1,handoff,backlog,pre-commit staging (before 2758f4e5),LOW,backlog.csv,nije potvrđeno,LOW krugova provere predaje nije poslat popravljaču i nije pojedinačno proveren; nije potvrđeno ni da važi ni da je ispravljen,"all-fixer-reports.json › fix:backlog.csv:r1 postoji za isti fajl i krug, ali navodi samo HIGH/MED stavke (izveštaj navodi 1 primenjenih); nijedan izveštaj kruga handoff ne obrađuje LOW","planer (vlasnik paketa); trijaža: tech lead · rok: pre prvog doc-only PR-a koji menja backlog.csv, najkasnije pre G1-EXIT",neblokirajuće
handoff/backlog/r1/11,r1,handoff,backlog,pre-commit staging (before 2758f4e5),LOW,backlog.csv,nije potvrđeno,LOW krugova provere predaje nije poslat popravljaču i nije pojedinačno proveren; nije potvrđeno ni da važi ni da je ispravljen,"all-fixer-reports.json › fix:backlog.csv:r1 postoji za isti fajl i krug, ali navodi samo HIGH/MED stavke (izveštaj navodi 1 primenjenih); nijedan izveštaj kruga handoff ne obrađuje LOW","planer (vlasnik paketa); trijaža: tech lead · rok: pre prvog doc-only PR-a koji menja backlog.csv, najkasnije pre G1-EXIT",neblokirajuće
handoff/commands/r1/01,r1,handoff,commands,pre-commit staging (before 2758f4e5),HIGH,00-START-HERE.md,primenjeno po izveštaju popravljača — pojedinačno nije ponovo provereno,izmena prema izveštaju popravljača; sadržaj nije pojedinačno ponovo proveren; isti dokument je posle toga prošao krug handoff/r2 (to nije pojedinačna provera),all-fixer-reports.json › fix:00-START-HERE.md:r1 (veza fajl + krug; izveštaji ne navode ID nalaza) (izveštaj navodi 8 primenjenih od 13 sirovih HIGH/MED nalaza za taj fajl i krug; duplikati su spajani pre popravke),planer (vlasnik paketa),neblokirajuće
handoff/commands/r1/02,r1,handoff,commands,pre-commit staging (before 2758f4e5),HIGH,02-WORKING-AGREEMENT.md,primenjeno po izveštaju popravljača — pojedinačno nije ponovo provereno,izmena prema izveštaju popravljača; sadržaj nije pojedinačno ponovo proveren; isti dokument je posle toga prošao krug handoff/r2 (to nije pojedinačna provera),all-fixer-reports.json › fix:02-WORKING-AGREEMENT.md:r1 (veza fajl + krug; izveštaji ne navode ID nalaza) (izveštaj navodi 2 primenjenih od 6 sirovih HIGH/MED nalaza za taj fajl i krug; duplikati su spajani pre popravke),planer (vlasnik paketa),neblokirajuće
handoff/commands/r1/03,r1,handoff,commands,pre-commit staging (before 2758f4e5),HIGH,01-ONBOARDING-DEV-ENV.md,primenjeno po izveštaju popravljača — pojedinačno nije ponovo provereno,izmena prema izveštaju popravljača; sadržaj nije pojedinačno ponovo proveren; isti dokument je posle toga prošao krug handoff/r2 (to nije pojedinačna provera),all-fixer-reports.json › fix:01-ONBOARDING-DEV-ENV.md:r1 (veza fajl + krug; izveštaji ne navode ID nalaza) (izveštaj ne navodi broj primenjenih nalaza),planer (vlasnik paketa),neblokirajuće
handoff/commands/r1/04,r1,handoff,commands,pre-commit staging (before 2758f4e5),MED,00-START-HERE.md,primenjeno po izveštaju popravljača — pojedinačno nije ponovo provereno,izmena prema izveštaju popravljača; sadržaj nije pojedinačno ponovo proveren; isti dokument je posle toga prošao krug handoff/r2 (to nije pojedinačna provera),all-fixer-reports.json › fix:00-START-HERE.md:r1 (veza fajl + krug; izveštaji ne navode ID nalaza) (izveštaj navodi 8 primenjenih od 13 sirovih HIGH/MED nalaza za taj fajl i krug; duplikati su spajani pre popravke),planer (vlasnik paketa),neblokirajuće
handoff/commands/r1/05,r1,handoff,commands,pre-commit staging (before 2758f4e5),MED,01-ONBOARDING-DEV-ENV.md,primenjeno po izveštaju popravljača — pojedinačno nije ponovo provereno,izmena prema izveštaju popravljača; sadržaj nije pojedinačno ponovo proveren; isti dokument je posle toga prošao krug handoff/r2 (to nije pojedinačna provera),all-fixer-reports.json › fix:01-ONBOARDING-DEV-ENV.md:r1 (veza fajl + krug; izveštaji ne navode ID nalaza) (izveštaj ne navodi broj primenjenih nalaza),planer (vlasnik paketa),neblokirajuće
handoff/commands/r1/06,r1,handoff,commands,pre-commit staging (before 2758f4e5),MED,01-ONBOARDING-DEV-ENV.md,primenjeno po izveštaju popravljača — pojedinačno nije ponovo provereno,izmena prema izveštaju popravljača; sadržaj nije pojedinačno ponovo proveren; isti dokument je posle toga prošao krug handoff/r2 (to nije pojedinačna provera),all-fixer-reports.json › fix:01-ONBOARDING-DEV-ENV.md:r1 (veza fajl + krug; izveštaji ne navode ID nalaza) (izveštaj ne navodi broj primenjenih nalaza),planer (vlasnik paketa),neblokirajuće
handoff/commands/r1/07,r1,handoff,commands,pre-commit staging (before 2758f4e5),MED,01-ONBOARDING-DEV-ENV.md,primenjeno po izveštaju popravljača — pojedinačno nije ponovo provereno,izmena prema izveštaju popravljača; sadržaj nije pojedinačno ponovo proveren; isti dokument je posle toga prošao krug handoff/r2 (to nije pojedinačna provera),all-fixer-reports.json › fix:01-ONBOARDING-DEV-ENV.md:r1 (veza fajl + krug; izveštaji ne navode ID nalaza) (izveštaj ne navodi broj primenjenih nalaza),planer (vlasnik paketa),neblokirajuće
handoff/commands/r1/08,r1,handoff,commands,pre-commit staging (before 2758f4e5),MED,01-ONBOARDING-DEV-ENV.md,primenjeno po izveštaju popravljača — pojedinačno nije ponovo provereno,izmena prema izveštaju popravljača; sadržaj nije pojedinačno ponovo proveren; isti dokument je posle toga prošao krug handoff/r2 (to nije pojedinačna provera),all-fixer-reports.json › fix:01-ONBOARDING-DEV-ENV.md:r1 (veza fajl + krug; izveštaji ne navode ID nalaza) (izveštaj ne navodi broj primenjenih nalaza),planer (vlasnik paketa),neblokirajuće
handoff/commands/r1/09,r1,handoff,commands,pre-commit staging (before 2758f4e5),LOW,00-START-HERE.md,nije potvrđeno,LOW krugova provere predaje nije poslat popravljaču i nije pojedinačno proveren; nije potvrđeno ni da važi ni da je ispravljen,"all-fixer-reports.json › fix:00-START-HERE.md:r1 postoji za isti fajl i krug, ali navodi samo HIGH/MED stavke (izveštaj navodi 8 primenjenih); nijedan izveštaj kruga handoff ne obrađuje LOW","planer (vlasnik paketa); trijaža: tech lead · rok: pre prvog doc-only PR-a koji menja 00-START-HERE.md, najkasnije pre G1-EXIT",neblokirajuće
handoff/commands/r1/10,r1,handoff,commands,pre-commit staging (before 2758f4e5),LOW,02-WORKING-AGREEMENT.md,nije potvrđeno,LOW krugova provere predaje nije poslat popravljaču i nije pojedinačno proveren; nije potvrđeno ni da važi ni da je ispravljen,"all-fixer-reports.json › fix:02-WORKING-AGREEMENT.md:r1 postoji za isti fajl i krug, ali navodi samo HIGH/MED stavke (izveštaj navodi 2 primenjenih); nijedan izveštaj kruga handoff ne obrađuje LOW","planer (vlasnik paketa); trijaža: tech lead · rok: pre prvog doc-only PR-a koji menja 02-WORKING-AGREEMENT.md, najkasnije pre G1-EXIT",neblokirajuće
handoff/commands/r1/11,r1,handoff,commands,pre-commit staging (before 2758f4e5),LOW,02-WORKING-AGREEMENT.md,nije potvrđeno,LOW krugova provere predaje nije poslat popravljaču i nije pojedinačno proveren; nije potvrđeno ni da važi ni da je ispravljen,"all-fixer-reports.json › fix:02-WORKING-AGREEMENT.md:r1 postoji za isti fajl i krug, ali navodi samo HIGH/MED stavke (izveštaj navodi 2 primenjenih); nijedan izveštaj kruga handoff ne obrađuje LOW","planer (vlasnik paketa); trijaža: tech lead · rok: pre prvog doc-only PR-a koji menja 02-WORKING-AGREEMENT.md, najkasnije pre G1-EXIT",neblokirajuće
handoff/commands/r1/12,r1,handoff,commands,pre-commit staging (before 2758f4e5),LOW,05-RISKS-DECISIONS-ESCALATION.md,nije potvrđeno,LOW krugova provere predaje nije poslat popravljaču i nije pojedinačno proveren; nije potvrđeno ni da važi ni da je ispravljen,"all-fixer-reports.json › fix:05-RISKS-DECISIONS-ESCALATION.md:r1 postoji za isti fajl i krug, ali navodi samo HIGH/MED stavke (izveštaj navodi 1 primenjenih); nijedan izveštaj kruga handoff ne obrađuje LOW","planer (vlasnik paketa); trijaža: tech lead · rok: pre prvog doc-only PR-a koji menja 05-RISKS-DECISIONS-ESCALATION.md, najkasnije pre G1-EXIT",neblokirajuće
handoff/commands/r1/13,r1,handoff,commands,pre-commit staging (before 2758f4e5),LOW,01-ONBOARDING-DEV-ENV.md,nije potvrđeno,LOW krugova provere predaje nije poslat popravljaču i nije pojedinačno proveren; nije potvrđeno ni da važi ni da je ispravljen,"all-fixer-reports.json › fix:01-ONBOARDING-DEV-ENV.md:r1 postoji za isti fajl i krug, ali navodi samo HIGH/MED stavke (izveštaj ne navodi broj); nijedan izveštaj kruga handoff ne obrađuje LOW","planer (vlasnik paketa); trijaža: tech lead · rok: pre prvog doc-only PR-a koji menja 01-ONBOARDING-DEV-ENV.md, najkasnije pre G1-EXIT",neblokirajuće
handoff/commands/r1/14,r1,handoff,commands,pre-commit staging (before 2758f4e5),LOW,05-RISKS-DECISIONS-ESCALATION.md,nije potvrđeno,LOW krugova provere predaje nije poslat popravljaču i nije pojedinačno proveren; nije potvrđeno ni da važi ni da je ispravljen,"all-fixer-reports.json › fix:05-RISKS-DECISIONS-ESCALATION.md:r1 postoji za isti fajl i krug, ali navodi samo HIGH/MED stavke (izveštaj navodi 1 primenjenih); nijedan izveštaj kruga handoff ne obrađuje LOW","planer (vlasnik paketa); trijaža: tech lead · rok: pre prvog doc-only PR-a koji menja 05-RISKS-DECISIONS-ESCALATION.md, najkasnije pre G1-EXIT",neblokirajuće
handoff/commands/r1/15,r1,handoff,commands,pre-commit staging (before 2758f4e5),LOW,02-WORKING-AGREEMENT.md,nije potvrđeno,LOW krugova provere predaje nije poslat popravljaču i nije pojedinačno proveren; nije potvrđeno ni da važi ni da je ispravljen,"all-fixer-reports.json › fix:02-WORKING-AGREEMENT.md:r1 postoji za isti fajl i krug, ali navodi samo HIGH/MED stavke (izveštaj navodi 2 primenjenih); nijedan izveštaj kruga handoff ne obrađuje LOW","planer (vlasnik paketa); trijaža: tech lead · rok: pre prvog doc-only PR-a koji menja 02-WORKING-AGREEMENT.md, najkasnije pre G1-EXIT",neblokirajuće
handoff/commands/r1/16,r1,handoff,commands,pre-commit staging (before 2758f4e5),LOW,00-START-HERE.md,nije potvrđeno,LOW krugova provere predaje nije poslat popravljaču i nije pojedinačno proveren; nije potvrđeno ni da važi ni da je ispravljen,"all-fixer-reports.json › fix:00-START-HERE.md:r1 postoji za isti fajl i krug, ali navodi samo HIGH/MED stavke (izveštaj navodi 8 primenjenih); nijedan izveštaj kruga handoff ne obrađuje LOW","planer (vlasnik paketa); trijaža: tech lead · rok: pre prvog doc-only PR-a koji menja 00-START-HERE.md, najkasnije pre G1-EXIT",neblokirajuće
handoff/commands/r1/17,r1,handoff,commands,pre-commit staging (before 2758f4e5),LOW,05-RISKS-DECISIONS-ESCALATION.md,nije potvrđeno,LOW krugova provere predaje nije poslat popravljaču i nije pojedinačno proveren; nije potvrđeno ni da važi ni da je ispravljen,"all-fixer-reports.json › fix:05-RISKS-DECISIONS-ESCALATION.md:r1 postoji za isti fajl i krug, ali navodi samo HIGH/MED stavke (izveštaj navodi 1 primenjenih); nijedan izveštaj kruga handoff ne obrađuje LOW","planer (vlasnik paketa); trijaža: tech lead · rok: pre prvog doc-only PR-a koji menja 05-RISKS-DECISIONS-ESCALATION.md, najkasnije pre G1-EXIT",neblokirajuće
handoff/commands/r1/18,r1,handoff,commands,pre-commit staging (before 2758f4e5),LOW,04-CODEBASE-MAP.md,nije potvrđeno,LOW krugova provere predaje nije poslat popravljaču i nije pojedinačno proveren; nije potvrđeno ni da važi ni da je ispravljen,"all-fixer-reports.json › fix:04-CODEBASE-MAP.md:r1 postoji za isti fajl i krug, ali navodi samo HIGH/MED stavke (izveštaj navodi 1 primenjenih); nijedan izveštaj kruga handoff ne obrađuje LOW","planer (vlasnik paketa); trijaža: tech lead · rok: pre prvog doc-only PR-a koji menja 04-CODEBASE-MAP.md, najkasnije pre G1-EXIT",neblokirajuće
handoff/newcomer/r2/01,r2,handoff,newcomer,pre-commit staging (before 2758f4e5),HIGH,00-START-HERE.md,ispravljeno — potvrđeno ponovnom proverom,ispravljeno u dokumentaciji; pojedinačno potvrđeno ponovnom proverom,"ponovna provera 30.09.2026 nad tekstom 2758f4e5: Proveren trenutni radni fajl (git diff 2758f4e5 za 00/01/02/04/05 je prazan). U sva četiri dokumenta sada važi isto strogo pravilo. 00-START-HERE.md:58: „**`npm ci`, build, gates, testovi i repro skripte pre odobrenja: nigde** (jedno pravilo, isto kao 01 §0 „Kapija”, 02 §0 i 04 §13 t.7; PREDLOG ...; founder ga potvrđuje ili daje izuzetak kroz pitanje (o) u §6)”. 00:60: „Izuzetak za zaseban svež klon ... **nije odobren**. To je pitanje (o) u §6.” 00 §3 (red 111): „Pokretanje: tek posle founder odobrenja plana (§2). Pre toga se repro skripte ne pokreću ni… · provera integratora 30.09.2026 nad 1.2.1 radnim stablom (read-only grep): handoff/00-START-HERE.md:48 „`npm ci`, build, gates, testovi, repro skripte, sidecar/web/E2E | **Ne, nigde**, ni u sopstvenom svežem klonu. Izuzetak samo ako osnivač potvrdi TSA-02”; :99 repro skripte „se pre odobrenja ne pokreću nigde”",planer (vlasnik paketa),neblokirajuće
handoff/newcomer/r2/02,r2,handoff,newcomer,pre-commit staging (before 2758f4e5),HIGH,01-ONBOARDING-DEV-ENV.md,ispravljeno — potvrđeno ponovnom proverom,ispravljeno u dokumentaciji; pojedinačno potvrđeno ponovnom proverom,"ponovna provera 30.09.2026 nad tekstom 2758f4e5: 01-ONBOARDING-DEV-ENV.md:173-176 (== 2758f4e5, git diff prazan): „Vidljivost repoa: dokumenti kažu private (`CLAUDE.md:84`, `AGENTS.md:68` „remains private”), a live provera 27.09.2026 našla je `marolinik/waggle-os` **public** (DP-0.13; F-REL-08 …) — NALAZ AUDITA — ZA PROVERU (DQ-02).” Tvrdnja „Repo je privatan” više ne postoji. Napomena: susedna rečenica 166-168 („Ceo paket … je 29.09.2026 **untracked** … Svež klon … ne sadrži nijedan dokument paketa”) je zastarela, jer je paket commit-ovan u 2758f4e5 i grana push-ovana na javni origin (BRIEF-CLOSURE) … · ponovo pročitao urednik grupe „onboarding” 1.2.1",planer (vlasnik paketa),neblokirajuće
handoff/newcomer/r2/03,r2,handoff,newcomer,pre-commit staging (before 2758f4e5),MED,00-START-HERE.md,ispravljeno — potvrđeno ponovnom proverom,ispravljeno u dokumentaciji; pojedinačno potvrđeno ponovnom proverom,"ponovna provera 30.09.2026 nad tekstom 2758f4e5: 00-START-HERE.md:208: „**Pitanja za osnivača pre starta** (jedina kanonska lista; slova (a)–(o) su stabilni ID-evi na koje upućuju 01, 02, 04 i 05, pa se nova pitanja dodaju na kraj, bez prenumerisanja...)”. Sve tražene stavke su dodate: (j) redosled važenja AGENTS.md/checklist/plan (00:218); (k) „ko odobrava i ko merge-uje u `integration/waggle-next`” (00:219); (l) „ESK-01..ESK-03: ime tech lead-a, kanal za eskalaciju ... i ko dodeljuje DP-0.14 uloge” (00:220); (m) „da li Harness owner ko-odobrava merge chat hotspot-a (`chat.ts` + `chat-*.ts`) ... pre … · provera integratora 30.09.2026 nad 1.2.1 radnim stablom (read-only grep): handoff/00-START-HERE.md:153 kanonska lista (a)–(o); :163–:168 stavke (j)–(o); grep „(a)–(f)” u srpskim .md = 0",planer (vlasnik paketa),neblokirajuće
handoff/newcomer/r2/04,r2,handoff,newcomer,pre-commit staging (before 2758f4e5),MED,02-WORKING-AGREEMENT.md,čeka stvarnu odluku osnivača,"Nekonzistentnost ispravljena u dokumentaciji (potvrđeno ponovnom proverom). Ostaje stvarna odluka osnivača o redosledu važenja i zameni pravila „5 fajlova” (TSA-06, TSA-10, NEODOBRENO; pitanje (j)); do nje važi stroža norma, a konflikt zaustavlja rad","ponovna provera 30.09.2026 nad tekstom 2758f4e5: 00-START-HERE.md:74: „[`AGENTS.md`] (kanonski operativni ugovor; `AGENTS.md:6` za sebe kaže da pobeđuje u konfliktu, ali to nije pravilo za ovaj paket: do founder odluke redosled važenja je u [02 §0] („Redosled važenja”: NEPOZNATO, pitanje (j) u §6; do tada važi stroža norma, a svaki konflikt zaustavlja rad i ide osnivaču)”. 02-WORKING-AGREEMENT.md §0 (~red 21): „**Redosled važenja: NEPOZNATO, otvoreno pitanje (j) za osnivača u [00 §6].** … Ovaj handoff je izveden dokument i nema ovlašćenje da odredi redosled važenja ni da sam tumači `AGENTS.md`. … 1. *… · provera integratora 30.09.2026 nad 1.2.1 radnim stablom (read-only grep): handoff/02-WORKING-AGREEMENT.md:24 „Redosled važenja: predlog je TSA-10 … (NEODOBRENO); pitanje (j)”; :137 TSA-06; handoff/backlog.csv W0-PR9 i W0-PR12 start_gates sadrže „handoff/newcomer/r2/04” · završna provera 30.09.2026: status „ispravljeno — potvrđeno ponovnom proverom” → „čeka stvarnu odluku osnivača” po closure zapisu §2.2 (važi otvoreniji status; isti postupak kao handoff/newcomer/r2/08 i finish/checklist/f1/13). Kapija start W0-PR9 i W0-PR12 ostaje otvorena do odluke TSA-06/TSA-10","osnivač (TSA-06/TSA-10, pitanje (j)); tech lead primenjuje privremeno pravilo · rok: pre starta W0-PR9 i W0-PR12","blocker tiketa: W0-PR9, W0-PR12 (start)"
handoff/newcomer/r2/05,r2,handoff,newcomer,pre-commit staging (before 2758f4e5),MED,05-RISKS-DECISIONS-ESCALATION.md,ispravljeno — potvrđeno ponovnom proverom,ispravljeno u dokumentaciji; pojedinačno potvrđeno ponovnom proverom,"ponovna provera 30.09.2026 nad tekstom 2758f4e5: Ispravljeno varijantom 'ID uvek sa dokumentom' umesto novih prefiksa. docs/handoff/05-RISKS-DECISIONS-ESCALATION.md (srpski fajlovi nepromenjeni u odnosu na 2758f4e5; diff pokazuje samo *.en.md) l.20 §0: 'ID-evi su lokalni po dokumentu. `N-01..N-27` (§2) i `R-01..R-16` (§4) važe samo u ovom dokumentu. [03 §7] ima sopstveni `N-01..N-08` (03 N-07 = put paketa na integracionu granu, a 05 N-07 = ishod A8 spike-a) ... Van dokumenta koji ga definiše, u PR opisu i u eskalaciji ID se uvek piše sa dokumentom: „05 N-07”, „05 R-12”, „03 N-07”, „04 N-2”, „Dispositi… · ponovo pročitao urednik grupe „risks” 1.2.1",planer (vlasnik paketa),neblokirajuće
handoff/newcomer/r2/06,r2,handoff,newcomer,pre-commit staging (before 2758f4e5),MED,01-ONBOARDING-DEV-ENV.md,ispravljeno — potvrđeno ponovnom proverom,ispravljeno u dokumentaciji; pojedinačno potvrđeno ponovnom proverom,"ponovna provera 30.09.2026 nad tekstom 2758f4e5: 01 §9.6 (redovi ~696-712): „**Hook testovi u root gate-u (pravilo; PREDLOG, review stavka).** … Svaki nov ili izmenjen test koji poziva hook `install`/`uninstall`/`verify`/`register`, `resolvePaths` ili hook runtime mora proslediti privremeni dom: `opts.home` iz `mkdtemp(join(tmpdir(), …))` … Reviewer to proverava u diff-u … Gates za PR koji dira hook pakete … se **ne** puštaju pod scratch profilom … Dokaz … daje snimak konfiguracije klijenata pre/posle (§9.5).” §9.5 ima `Save-ClientConfigSnapshot` za `~/.claude` settings.json*, `~/.codex` hooks.json*, … · ponovo pročitao urednik grupe „onboarding” 1.2.1",planer (vlasnik paketa),neblokirajuće
handoff/newcomer/r2/07,r2,handoff,newcomer,pre-commit staging (before 2758f4e5),MED,01-ONBOARDING-DEV-ENV.md,delimično ispravljeno,"Dokumentacioni deo ispravljen (01 §9.4; potvrđeno ponovnom proverom). Ostatak: E2E recept nije izvršen; runtime potvrda nije urađena; vezano za prvi E2E run posle odobrenja, samo u BTP-u (W0-PR12, W0-PR16, W0-PR17)","ponovna provera 30.09.2026 nad tekstom 2758f4e5: 01 §9.4: „**npm pod scratch profilom (izuzetak samo za E2E terminal; PREDLOG).** Pravilo „bez npm, git i drugih alata” iz §9.3 koraka 4 važi za terminal sidecar-a. U E2E terminalu je dozvoljena tačno jedna npm komanda …” + ograničenja (~/.npmrc, ~/.gitconfig se ne čitaju; npm cache i ms-playwright pod %LOCALAPPDATA%) + „Podržan redosled: 1. U terminalu sa pravim profilom: `npm run build:all` i gates … 2. … `npm run test:e2e:smoke`. webServer build ponavlja i posle koraka 1 (… `playwright.config.ts:117`)”. Runtime nije proveren (nije dozvoljeno ovim prol… · ponovo pročitao urednik grupe „onboarding” 1.2.1 · završna provera 30.09.2026: status „ispravljeno — potvrđeno ponovnom proverom” → „delimično ispravljeno” po closure zapisu §2.2 (važi otvoreniji status; neizvršen recept dokumentacija ne zatvara). Preostali deo: prvi E2E run po receptu 01 §9.4 u BTP-u posle odobrenja (W0-PR12, W0-PR16, W0-PR17); isto u closure zapisu §2.7",QA; Boundary owner · rok: prvi E2E run posle odobrenja,neblokirajuće
handoff/newcomer/r2/08,r2,handoff,newcomer,pre-commit staging (before 2758f4e5),MED,02-WORKING-AGREEMENT.md,čeka stvarnu odluku osnivača,Definicija hotspot integracionog testa predložena kao TSA-07 (NEODOBRENO); do potvrde važi pravilo: bez drugog merge-a istog hotspot-a istog dana,"ponovna provera 30.09.2026 nad tekstom 2758f4e5: 02-WORKING-AGREEMENT.md:103: „**Dva PR-a koja diraju isti hotspot ne merge-uju se isti dan bez integracionog testa.** Šta se računa kao taj test, plan ne definiše”; :118: „**Integracioni test: NEPOZNATO, rešava se pre prvog merge-a Harness lane-a (W0-PR1..PR8).** DP-0.14 i checklist … ne kažu šta je integracioni test, ko ga pokreće ni ko potpisuje rezultat … W0-PR1, W0-PR3 i W0-PR7 diraju `workflow-harness.ts`, W0-PR7 i W0-PR8 `workflow-tools.ts`, a W0-PR4 i W0-PR5 `agent-loop.ts`”; 02 §10: „šta je „integracioni test” … Tech lead (do ESK-01 osnivač) odl… · provera integratora 30.09.2026 nad 1.2.1 radnim stablom (read-only grep): handoff/02-WORKING-AGREEMENT.md:121 „Integracioni test: predlog je TSA-07 u TEAM-START-AUTHORIZATION (NEODOBRENO); mora biti potvrđen pre prvog merge-a Harness lane-a (W0-PR1..PR8)”; handoff/backlog.csv W0-PR1/PR3/PR4/PR5/PR7/PR8 merge_gates sadrže „handoff/newcomer/r2/08”",tech lead predlaže; osnivač potvrđuje; Harness owner izvršava · rok: pre prvog merge-a Harness lane-a (W0-PR1..PR8),"blocker tiketa: W0-PR1, W0-PR3, W0-PR4, W0-PR5, W0-PR7, W0-PR8 (merge)"
handoff/newcomer/r2/09,r2,handoff,newcomer,pre-commit staging (before 2758f4e5),MED,01-ONBOARDING-DEV-ENV.md,ispravljeno — potvrđeno ponovnom proverom,ispravljeno u dokumentaciji; pojedinačno potvrđeno ponovnom proverom,"ponovna provera 30.09.2026 nad tekstom 2758f4e5: 01 §1 tabela Preduslovi, red „pandoc | **`3.9`** (Delivery §6.1 …) | Samo za doc-only PR-ove koji menjaju PRD/FRD `.md`; u G1 to su WB-PR1 (FRD tabela) i ID-reconcile doc-only PR … Komanda iz Delivery §6.1: `pandoc -f gfm-tex_math_dollars-tex_math_gfm <fajl>.md -o <fajl>.docx`. Posle izvoza: `Get-FileHash -Algorithm SHA256` … upis heševa u Delivery §6.1 i Disposition OD-9.” · ponovo pročitao urednik grupe „onboarding” 1.2.1",planer (vlasnik paketa),neblokirajuće
handoff/newcomer/r2/10,r2,handoff,newcomer,pre-commit staging (before 2758f4e5),LOW,02-WORKING-AGREEMENT.md,nije potvrđeno,LOW krugova provere predaje nije poslat popravljaču i nije pojedinačno proveren; nije potvrđeno ni da važi ni da je ispravljen,"all-fixer-reports.json › fix:02-WORKING-AGREEMENT.md:r2 postoji za isti fajl i krug, ali navodi samo HIGH/MED stavke (izveštaj navodi 2 primenjenih); nijedan izveštaj kruga handoff ne obrađuje LOW","planer (vlasnik paketa); trijaža: tech lead · rok: pre prvog doc-only PR-a koji menja 02-WORKING-AGREEMENT.md, najkasnije pre G1-EXIT",neblokirajuće
handoff/newcomer/r2/11,r2,handoff,newcomer,pre-commit staging (before 2758f4e5),LOW,backlog.csv,nije potvrđeno,LOW krugova provere predaje nije poslat popravljaču i nije pojedinačno proveren; nije potvrđeno ni da važi ni da je ispravljen,"all-fixer-reports.json › fix:backlog.csv:r2 postoji za isti fajl i krug, ali navodi samo HIGH/MED stavke (izveštaj navodi 2 primenjenih); nijedan izveštaj kruga handoff ne obrađuje LOW","planer (vlasnik paketa); trijaža: tech lead · rok: pre prvog doc-only PR-a koji menja backlog.csv, najkasnije pre G1-EXIT",neblokirajuće
handoff/newcomer/r2/12,r2,handoff,newcomer,pre-commit staging (before 2758f4e5),LOW,00-START-HERE.md,nije potvrđeno,LOW krugova provere predaje nije poslat popravljaču i nije pojedinačno proveren; nije potvrđeno ni da važi ni da je ispravljen,"all-fixer-reports.json › fix:00-START-HERE.md:r2 postoji za isti fajl i krug, ali navodi samo HIGH/MED stavke (izveštaj navodi 3 primenjenih); nijedan izveštaj kruga handoff ne obrađuje LOW","planer (vlasnik paketa); trijaža: tech lead · rok: pre prvog doc-only PR-a koji menja 00-START-HERE.md, najkasnije pre G1-EXIT",neblokirajuće
handoff/newcomer/r2/13,r2,handoff,newcomer,pre-commit staging (before 2758f4e5),LOW,05-RISKS-DECISIONS-ESCALATION.md,nije potvrđeno,LOW krugova provere predaje nije poslat popravljaču i nije pojedinačno proveren; nije potvrđeno ni da važi ni da je ispravljen,"all-fixer-reports.json › fix:05-RISKS-DECISIONS-ESCALATION.md:r2 postoji za isti fajl i krug, ali navodi samo HIGH/MED stavke (izveštaj ne navodi broj); nijedan izveštaj kruga handoff ne obrađuje LOW","planer (vlasnik paketa); trijaža: tech lead · rok: pre prvog doc-only PR-a koji menja 05-RISKS-DECISIONS-ESCALATION.md, najkasnije pre G1-EXIT",neblokirajuće
handoff/newcomer/r2/14,r2,handoff,newcomer,pre-commit staging (before 2758f4e5),LOW,01-ONBOARDING-DEV-ENV.md,nije potvrđeno,LOW krugova provere predaje nije poslat popravljaču i nije pojedinačno proveren; nije potvrđeno ni da važi ni da je ispravljen,"all-fixer-reports.json › fix:01-ONBOARDING-DEV-ENV.md:r2 postoji za isti fajl i krug, ali navodi samo HIGH/MED stavke (izveštaj navodi 2 primenjenih); nijedan izveštaj kruga handoff ne obrađuje LOW","planer (vlasnik paketa); trijaža: tech lead · rok: pre prvog doc-only PR-a koji menja 01-ONBOARDING-DEV-ENV.md, najkasnije pre G1-EXIT",neblokirajuće
handoff/newcomer/r2/15,r2,handoff,newcomer,pre-commit staging (before 2758f4e5),LOW,02-WORKING-AGREEMENT.md,nije potvrđeno,LOW krugova provere predaje nije poslat popravljaču i nije pojedinačno proveren; nije potvrđeno ni da važi ni da je ispravljen,"all-fixer-reports.json › fix:02-WORKING-AGREEMENT.md:r2 postoji za isti fajl i krug, ali navodi samo HIGH/MED stavke (izveštaj navodi 2 primenjenih); nijedan izveštaj kruga handoff ne obrađuje LOW","planer (vlasnik paketa); trijaža: tech lead · rok: pre prvog doc-only PR-a koji menja 02-WORKING-AGREEMENT.md, najkasnije pre G1-EXIT",neblokirajuće
handoff/newcomer/r2/16,r2,handoff,newcomer,pre-commit staging (before 2758f4e5),LOW,04-CODEBASE-MAP.md,nije potvrđeno,LOW krugova provere predaje nije poslat popravljaču i nije pojedinačno proveren; nije potvrđeno ni da važi ni da je ispravljen,"all-fixer-reports.json › fix:04-CODEBASE-MAP.md:r2 postoji za isti fajl i krug, ali navodi samo HIGH/MED stavke (izveštaj navodi 1 primenjenih); nijedan izveštaj kruga handoff ne obrađuje LOW","planer (vlasnik paketa); trijaža: tech lead · rok: pre prvog doc-only PR-a koji menja 04-CODEBASE-MAP.md, najkasnije pre G1-EXIT",neblokirajuće
handoff/newcomer/r2/17,r2,handoff,newcomer,pre-commit staging (before 2758f4e5),LOW,00-START-HERE.md,nije potvrđeno,LOW krugova provere predaje nije poslat popravljaču i nije pojedinačno proveren; nije potvrđeno ni da važi ni da je ispravljen,"all-fixer-reports.json › fix:00-START-HERE.md:r2 postoji za isti fajl i krug, ali navodi samo HIGH/MED stavke (izveštaj navodi 3 primenjenih); nijedan izveštaj kruga handoff ne obrađuje LOW","planer (vlasnik paketa); trijaža: tech lead · rok: pre prvog doc-only PR-a koji menja 00-START-HERE.md, najkasnije pre G1-EXIT",neblokirajuće
handoff/consistency/r2/01,r2,handoff,consistency,pre-commit staging (before 2758f4e5),HIGH,01-ONBOARDING-DEV-ENV.md,ispravljeno — potvrđeno ponovnom proverom,ispravljeno u dokumentaciji; pojedinačno potvrđeno ponovnom proverom,"ponovna provera 30.09.2026 nad tekstom 2758f4e5: 01:173-177: „Vidljivost repoa: dokumenti kažu private (`CLAUDE.md:84`, `AGENTS.md:68` „remains private”), a live provera 27.09.2026 našla je `marolinik/waggle-os` **public** (DP-0.13; F-REL-08 …) — NALAZ AUDITA — ZA PROVERU (DQ-02). Ovaj dokument vidljivost ne menja (DP-0.13).” Isto kao newcomer/r2/02; susedna tvrdnja „untracked 29.09.2026” (166-168) je u međuvremenu zastarela (paket u 2758f4e5, push na javni origin). · provera integratora 30.09.2026 nad 1.2.1 radnim stablom (read-only grep): handoff/01-ONBOARDING-DEV-ENV.md:216–217 „Vidljivost repoa se ne menja (DP-0.13): `CLAUDE.md:84` i `AGENTS.md:68` kažu „remains private” — NALAZ AUDITA — ZA PROVERU (DQ-02 …”; rečenica „Repo je privatan” više ne postoji",planer (vlasnik paketa),neblokirajuće
handoff/consistency/r2/02,r2,handoff,consistency,pre-commit staging (before 2758f4e5),MED,00-START-HERE.md,ispravljeno — potvrđeno ponovnom proverom,ispravljeno u dokumentaciji; pojedinačno potvrđeno ponovnom proverom,"ponovna provera 30.09.2026 nad tekstom 2758f4e5: Isti ishod kao handoff/newcomer/r2/01. 00-START-HERE.md:58 „`npm ci`, build, gates, testovi i repro skripte pre odobrenja: nigde”; 00:60 izuzetak za svež klon „**nije odobren**. To je pitanje (o) u §6”; 00:223 „(o) da li tim pre odobrenja plana sme da napravi zaseban svež klon ... Do odgovora: ne.” 01:28-31 („i u zasebnom svežem klonu na sopstvenoj mašini” čeka odobrenje), 04:502 („Pre odobrenja ne pokreću se nigde, ni u zasebnom svežem klonu”), 02:13 („Dozvoljeni su čitanje paketa i koda, read-only provere i priprema lične mašine van repoa”). Primenjen… · provera integratora 30.09.2026 nad 1.2.1 radnim stablom (read-only grep): handoff/00-START-HERE.md:48 i :168 „(o) … Predlog: da, po TSA-02 … Do odgovora: ne.”",planer (vlasnik paketa),neblokirajuće
handoff/consistency/r2/03,r2,handoff,consistency,pre-commit staging (before 2758f4e5),MED,00-START-HERE.md,ispravljeno — potvrđeno ponovnom proverom,ispravljeno u dokumentaciji; pojedinačno potvrđeno ponovnom proverom,"ponovna provera 30.09.2026 nad tekstom 2758f4e5: Lista u 00 §6 dopunjena stavkama (j)–(o) (00-START-HERE.md:218-223), uključujući ESK-01..ESK-03 kao (l), merge/approval u `integration/waggle-next` kao (k), redosled važenja kao (j), Harness/Chat ko-odobravanje pre W0-PR8/PR9/PR11 kao (m) i pristup repou kao (n). Reference „(a)–(f)” zamenjene sa „(a)–(o)”: 02-WORKING-AGREEMENT.md:208 „u listi (a)–(o) u 00 §6, kao (k)”; 05-RISKS-DECISIONS-ESCALATION.md:171 „00 §6 (a)–(o)”; 05:239 „(a)–(o); ESK-01..ESK-03 = (l)”; 05 §5.0 (red 162): „ESK stavke su tamo (l)”. grep „(a)–(f)” u srpskim .md: 0 pogodaka. · provera integratora 30.09.2026 nad 1.2.1 radnim stablom (read-only grep): handoff/00-START-HERE.md:163–:168 (j)–(o); :113 „Pitanja (a)–(o) pre starta”; grep „(a)–(f)” = 0",planer (vlasnik paketa),neblokirajuće
handoff/consistency/r2/04,r2,handoff,consistency,pre-commit staging (before 2758f4e5),MED,00-START-HERE.md,ispravljeno — potvrđeno ponovnom proverom,ispravljeno u dokumentaciji; pojedinačno potvrđeno ponovnom proverom,"ponovna provera 30.09.2026 nad tekstom 2758f4e5: 00-START-HERE.md:74 više ne kaže bez ograde da AGENTS.md pobeđuje: „[`AGENTS.md`] (kanonski operativni ugovor; `AGENTS.md:6` za sebe kaže da pobeđuje u konfliktu, ali to nije pravilo za ovaj paket: do founder odluke redosled važenja je u [02 §0] („Redosled važenja”: NEPOZNATO, pitanje (j) u §6; do tada važi stroža norma, a svaki konflikt zaustavlja rad i ide osnivaču); poznati konflikti sa `AGENTS.md` (§3.8, §4) su tamo navedeni)”. Usklađeno sa 02:21 „**Redosled važenja: NEPOZNATO, otvoreno pitanje (j) za osnivača u 00 §6.**” i 02:7 „Do odluke važi priv… · provera integratora 30.09.2026 nad 1.2.1 radnim stablom (read-only grep): handoff/00-START-HERE.md:70 „`AGENTS.md:6` za sebe kaže da pobeđuje u konfliktu, ali to nije pravilo za ovaj paket: do founder odluke redosled važenja je u 02 §0 … predlog TSA-10”",planer (vlasnik paketa),neblokirajuće
handoff/consistency/r2/05,r2,handoff,consistency,pre-commit staging (before 2758f4e5),MED,05-RISKS-DECISIONS-ESCALATION.md,ispravljeno — potvrđeno ponovnom proverom,ispravljeno u dokumentaciji; pojedinačno potvrđeno ponovnom proverom,"ponovna provera 30.09.2026 nad tekstom 2758f4e5: 05 §5.3 l.196, red '| **D-01..D-18** (prijava, bez otvaranja) | Ovo nije zahtev za odluku. Odluke su zatvorene (§5.4), pa se osnivač ne pita da ih menja ni tumači. Kad kod, nalaz ili tiket dođe u konflikt sa zatvorenom odlukom, konflikt se beleži (02 §10 t.3) i prijavljuje osnivaču informativno ...'; grep 'sužav|menjalo' u 05/00/02 ne nalazi staru formulaciju. 00 §9 l.288: 'Ne otvara se: zatvoreno. ... Konflikt koda ili nalaza sa D-nn beleži se i prijavljuje osnivaču informativno (prijava, bez otvaranja; 02 §10 t.3, 05 §5.3)'. 02 §10 t.3 l.255: 'Founder… · provera integratora 30.09.2026 nad 1.2.1 radnim stablom (read-only grep): handoff/05-RISKS-DECISIONS-ESCALATION.md:204 „| **D-01..D-18** (prijava, bez otvaranja) |”; grep „sužavalo” u 05 = 0; 00:196 „Ne otvara se: zatvoreno”",planer (vlasnik paketa),neblokirajuće
handoff/consistency/r2/06,r2,handoff,consistency,pre-commit staging (before 2758f4e5),MED,02-WORKING-AGREEMENT.md,ispravljeno — potvrđeno ponovnom proverom,ispravljeno u dokumentaciji; pojedinačno potvrđeno ponovnom proverom,"ponovna provera 30.09.2026 nad tekstom 2758f4e5: 02-WORKING-AGREEMENT.md §0 „Putanje u paketu” (~red 19): „`.md` fajlovi paketa su 29.09.2026 normalizovani na raspored repoa … Stare staging putanje (`out/decisions/…`, `out/plans/…`, `v12-planning-staging/tools/check_trace.mjs`) su postojale i u prvom DOCX izvozu; DOCX je 29.09.2026 ponovo izvezen iz normalizovanog `.md` …, pa ih ni on više ne sadrži. Beleži ih mapa [v1.2-evidence/README.md, „Mapa starih putanja”]”. Ponovna provera: `unzip -p … word/document.xml | grep -c 'out/decisions|out/plans|v12-planning-staging'` = 0 za Waggle_PRD/FRD_v1.2_DRAFT.… · ponovo pročitao urednik grupe „safety” 1.2.1: rečenica zamenjena pokazivačem na HANDOFF-HISTORY §3 (sadržaj premešten, nalaz prati sadržaj)",planer (vlasnik paketa),neblokirajuće
handoff/consistency/r2/07,r2,handoff,consistency,pre-commit staging (before 2758f4e5),MED,05-RISKS-DECISIONS-ESCALATION.md,ispravljeno — potvrđeno ponovnom proverom,ispravljeno u dokumentaciji; pojedinačno potvrđeno ponovnom proverom,ponovna provera 30.09.2026 nad tekstom 2758f4e5: 05 §3 l.120: 'BYO OAuth client pilot ili api_key dokaz kao alternativa (Disposition R12)'; 05 §4 R-08 l.144: 'api_key dokaz i BYO-client pilot (Disposition R12)'; §4 uvod l.133: 'ID-evi `R-nn` su lokalni za ovaj dokument i nisu redovi `Rnn` Dispozicije; van njega se pišu kao „05 R-nn”'. grep '\(R[0-9]{2}\)' u 05 = 0 golih referenci. N-kolizija rešena napomenom §0 l.20 (primer '03 N-07 ... 05 N-07') i §5.5 l.211; 00 (h) i 01 §3.2 citiraju '03 §7 N-07'. · ponovo pročitao urednik grupe „risks” 1.2.1,planer (vlasnik paketa),neblokirajuće
handoff/consistency/r2/08,r2,handoff,consistency,pre-commit staging (before 2758f4e5),MED,02-WORKING-AGREEMENT.md,delimično ispravljeno,"Dokumentacioni deo ispravljen (02 §10, 05 N-28 i R-15, 01 §9.5; potvrđeno ponovnom proverom). Ostatak: kod nije popravljen — tiket W0-PR20; test: sentinel regresija (DP-0.08, bez AT ID-a); runtime potvrda u BTP-u na tačnom SHA integracione grane nije urađena. Isti ID je kapija u handoff/backlog-gates.csv, u requires događaja F1","ponovna provera 30.09.2026 nad tekstom 2758f4e5: 02-WORKING-AGREEMENT.md §10, lista „Poznate stavke …”: „checklist „Env izolacija” i DP-0.08 („Time su izolovani …”): izolacija samo kroz `WAGGLE_DATA_DIR` nije potpuna, jer `packages/server/src/local/routes/documents.ts:37` i `pins.ts:32` uvek pišu pod `os.homedir()/.waggle` (POTVRĐENO NA REVIZIJI …). Privremeno važi scratch `USERPROFILE`/`HOME` … Odluka: tech lead i founder ([05] N-28, R-15)”. 05-RISKS-DECISIONS-ESCALATION.md:95 red N-28 (isti sadržaj, „Curenja POTVRĐENO NA REVIZIJI; kako plan i checklist to zatvaraju: NEPOZNATO”) i :151 R-15 („`WAGGLE… · provera integratora 30.09.2026 nad 1.2.1 radnim stablom (read-only grep): handoff/backlog.csv:22 W0-PR20 „Izolacija dataDir-a: documents/pins, marketplace, SecurityGate i adapteri mimo WAGGLE_DATA_DIR + sentinel regresija”; handoff/backlog-gates.csv:41 (zatvara se merge-om W0-PR20 sa zelenim sentinel testom) i :74 host:btp · završna provera 30.09.2026: status „ispravljeno — potvrđeno ponovnom proverom” → „delimično ispravljeno” po closure zapisu §2.2 (nalaz o ponašanju koda dokumentacija ne zatvara; kapija istog ID-a otvorena je do merge-a W0-PR20 sa zelenim sentinel testom i runtime potvrde u BTP-u). Kapiju ranije nije navodio nijedan tiket ni događaj (requires); dodata je u requires F1 (handoff/backlog-gates.csv), a runtime potvrda je u njenom uslovu zatvaranja",Server owner; Security owner (review); QA (BTP) · rok: merge W0-PR20 sa zelenim sentinel testom i runtime potvrda u BTP-u pre F1; BTP pre prvog sidecar/web/E2E run-a,blocker tiketa: W0-PR20 (exit: sentinel test); F1 (requires: kapija handoff/consistency/r2/08 — W0-PR20 sentinel test + runtime potvrda u BTP-u); host:btp za svaki sidecar/web/E2E run i root suite do merge-a W0-PR20 (resurs)
handoff/consistency/r2/09,r2,handoff,consistency,pre-commit staging (before 2758f4e5),MED,01-ONBOARDING-DEV-ENV.md,ispravljeno — potvrđeno ponovnom proverom,ispravljeno u dokumentaciji; pojedinačno potvrđeno ponovnom proverom,"ponovna provera 30.09.2026 nad tekstom 2758f4e5: 01 §3.3 (redovi ~207-212): „Da li se sopstveni `<wave-id>/*` worktree sme ukloniti (`git worktree remove <putanja>`) posle merge-a PR-a: NEPOZNATO, pitanje tumačenja stavke checkliste za osnivača. … a tim tu stavku ne tumači sam ([02 §2.2]). Do odluke osnivača po [02 §10] nijedan unos iz `git worktree list` se ne uklanja, ni sopstveni.” Preporuka uklanjanja je povučena. Suštinsko pitanje ostaje otvoreno kao odluka osnivača (H-04: čišćenje sopstvenih završenih worktree-jeva u TEAM-START-AUTHORIZATION predlogu). · ponovo pročitao urednici grupa „onboarding” i „safety” 1.2.1 (TSA-04)",planer (vlasnik paketa),neblokirajuće
handoff/consistency/r2/10,r2,handoff,consistency,pre-commit staging (before 2758f4e5),LOW,05-RISKS-DECISIONS-ESCALATION.md,nije potvrđeno,LOW krugova provere predaje nije poslat popravljaču i nije pojedinačno proveren; nije potvrđeno ni da važi ni da je ispravljen,"all-fixer-reports.json › fix:05-RISKS-DECISIONS-ESCALATION.md:r2 postoji za isti fajl i krug, ali navodi samo HIGH/MED stavke (izveštaj ne navodi broj); nijedan izveštaj kruga handoff ne obrađuje LOW","planer (vlasnik paketa); trijaža: tech lead · rok: pre prvog doc-only PR-a koji menja 05-RISKS-DECISIONS-ESCALATION.md, najkasnije pre G1-EXIT",neblokirajuće
handoff/consistency/r2/11,r2,handoff,consistency,pre-commit staging (before 2758f4e5),LOW,00-START-HERE.md,nije potvrđeno,LOW krugova provere predaje nije poslat popravljaču i nije pojedinačno proveren; nije potvrđeno ni da važi ni da je ispravljen,"all-fixer-reports.json › fix:00-START-HERE.md:r2 postoji za isti fajl i krug, ali navodi samo HIGH/MED stavke (izveštaj navodi 3 primenjenih); nijedan izveštaj kruga handoff ne obrađuje LOW","planer (vlasnik paketa); trijaža: tech lead · rok: pre prvog doc-only PR-a koji menja 00-START-HERE.md, najkasnije pre G1-EXIT",neblokirajuće
handoff/consistency/r2/12,r2,handoff,consistency,pre-commit staging (before 2758f4e5),LOW,00-START-HERE.md,nije potvrđeno,LOW krugova provere predaje nije poslat popravljaču i nije pojedinačno proveren; nije potvrđeno ni da važi ni da je ispravljen,"all-fixer-reports.json › fix:00-START-HERE.md:r2 postoji za isti fajl i krug, ali navodi samo HIGH/MED stavke (izveštaj navodi 3 primenjenih); nijedan izveštaj kruga handoff ne obrađuje LOW","planer (vlasnik paketa); trijaža: tech lead · rok: pre prvog doc-only PR-a koji menja 00-START-HERE.md, najkasnije pre G1-EXIT",neblokirajuće
handoff/consistency/r2/13,r2,handoff,consistency,pre-commit staging (before 2758f4e5),LOW,00-START-HERE.md,nije potvrđeno,LOW krugova provere predaje nije poslat popravljaču i nije pojedinačno proveren; nije potvrđeno ni da važi ni da je ispravljen,"all-fixer-reports.json › fix:00-START-HERE.md:r2 postoji za isti fajl i krug, ali navodi samo HIGH/MED stavke (izveštaj navodi 3 primenjenih); nijedan izveštaj kruga handoff ne obrađuje LOW","planer (vlasnik paketa); trijaža: tech lead · rok: pre prvog doc-only PR-a koji menja 00-START-HERE.md, najkasnije pre G1-EXIT",neblokirajuće
handoff/consistency/r2/14,r2,handoff,consistency,pre-commit staging (before 2758f4e5),LOW,04-CODEBASE-MAP.md,nije potvrđeno,LOW krugova provere predaje nije poslat popravljaču i nije pojedinačno proveren; nije potvrđeno ni da važi ni da je ispravljen,"all-fixer-reports.json › fix:04-CODEBASE-MAP.md:r2 postoji za isti fajl i krug, ali navodi samo HIGH/MED stavke (izveštaj navodi 1 primenjenih); nijedan izveštaj kruga handoff ne obrađuje LOW","planer (vlasnik paketa); trijaža: tech lead · rok: pre prvog doc-only PR-a koji menja 04-CODEBASE-MAP.md, najkasnije pre G1-EXIT",neblokirajuće
handoff/consistency/r2/15,r2,handoff,consistency,pre-commit staging (before 2758f4e5),LOW,02-WORKING-AGREEMENT.md,nije potvrđeno,LOW krugova provere predaje nije poslat popravljaču i nije pojedinačno proveren; nije potvrđeno ni da važi ni da je ispravljen,"all-fixer-reports.json › fix:02-WORKING-AGREEMENT.md:r2 postoji za isti fajl i krug, ali navodi samo HIGH/MED stavke (izveštaj navodi 2 primenjenih); nijedan izveštaj kruga handoff ne obrađuje LOW","planer (vlasnik paketa); trijaža: tech lead · rok: pre prvog doc-only PR-a koji menja 02-WORKING-AGREEMENT.md, najkasnije pre G1-EXIT",neblokirajuće
handoff/consistency/r2/16,r2,handoff,consistency,pre-commit staging (before 2758f4e5),LOW,04-CODEBASE-MAP.md,nije potvrđeno,LOW krugova provere predaje nije poslat popravljaču i nije pojedinačno proveren; nije potvrđeno ni da važi ni da je ispravljen,"all-fixer-reports.json › fix:04-CODEBASE-MAP.md:r2 postoji za isti fajl i krug, ali navodi samo HIGH/MED stavke (izveštaj navodi 1 primenjenih); nijedan izveštaj kruga handoff ne obrađuje LOW","planer (vlasnik paketa); trijaža: tech lead · rok: pre prvog doc-only PR-a koji menja 04-CODEBASE-MAP.md, najkasnije pre G1-EXIT",neblokirajuće
handoff/consistency/r2/17,r2,handoff,consistency,pre-commit staging (before 2758f4e5),LOW,backlog.csv,nije potvrđeno,LOW krugova provere predaje nije poslat popravljaču i nije pojedinačno proveren; nije potvrđeno ni da važi ni da je ispravljen,"all-fixer-reports.json › fix:backlog.csv:r2 postoji za isti fajl i krug, ali navodi samo HIGH/MED stavke (izveštaj navodi 2 primenjenih); nijedan izveštaj kruga handoff ne obrađuje LOW","planer (vlasnik paketa); trijaža: tech lead · rok: pre prvog doc-only PR-a koji menja backlog.csv, najkasnije pre G1-EXIT",neblokirajuće
handoff/consistency/r2/18,r2,handoff,consistency,pre-commit staging (before 2758f4e5),LOW,00-START-HERE.md,nije potvrđeno,LOW krugova provere predaje nije poslat popravljaču i nije pojedinačno proveren; nije potvrđeno ni da važi ni da je ispravljen,"all-fixer-reports.json › fix:00-START-HERE.md:r2 postoji za isti fajl i krug, ali navodi samo HIGH/MED stavke (izveštaj navodi 3 primenjenih); nijedan izveštaj kruga handoff ne obrađuje LOW","planer (vlasnik paketa); trijaža: tech lead · rok: pre prvog doc-only PR-a koji menja 00-START-HERE.md, najkasnije pre G1-EXIT",neblokirajuće
handoff/backlog/r2/01,r2,handoff,backlog,pre-commit staging (before 2758f4e5),MED,03-BACKLOG.md,ispravljeno — potvrđeno ponovnom proverom,ispravljeno u dokumentaciji; pojedinačno potvrđeno ponovnom proverom,"ponovna provera 30.09.2026 nad tekstom 2758f4e5: 03-BACKLOG.md:466 (W0-PR12 „RED prvo”): „**Moraju se prepisati u istom PR-u (DP-0.15):** `apps/web/src/test/p1a-routes.test.ts` `:232-239` (`:235` traži da FREE ne vidi Approvals i pada čim se `dock-tiers.ts:82` de-gate-uje ...); `tier-enforcement-matrix.test.ts` redovi `:53` ... i `:56` ... → `minTier:'FREE'`, a testovi `:131-180` (TRIAL expiry `:131-144` i `:155-165`, oblik 403 odgovora `:169-179` ...) koriste `/api/cost/by-workspace` kao TEAMS canary i preusmeravaju se na endpoint koji posle W0-PR12 ostaje TEAMS (npr. `POST /api/cloud-sync/toggle` ..… · ponovo pročitao urednik grupe „risks” 1.2.1",planer (vlasnik paketa),neblokirajuće
handoff/backlog/r2/02,r2,handoff,backlog,pre-commit staging (before 2758f4e5),MED,03-BACKLOG.md,ispravljeno — potvrđeno ponovnom proverom,ispravljeno u dokumentaciji; pojedinačno potvrđeno ponovnom proverom,"ponovna provera 30.09.2026 nad tekstom 2758f4e5: Primenjena opcija (b). 03-BACKLOG.md:249: „Harness lane: W0-PR1 → W0-PR7 → W0-PR8 → W0-PR9 (redosled u lane-u, NIJE ivica: kritična putanja „serijski 3–4 rd”, Delivery §3)”. 03:262: „Izuzetak je red „Harness lane” sa strelicom `→`: W0-PR1 → W0-PR7 → W0-PR8 → W0-PR9 je redosled rada u jednom worktree-ju sa jednim vlasnikom ..., ne ivica. Graf Delivery §3 pušta W0-PR1..PR19 paralelno posle W0-PR0 ... pa ih `depends_on` nema; redosled je u CSV `notes` za W0-PR1, W0-PR7, W0-PR8 i W0-PR9 i u §6 (tracker ga vodi kao redosled rada, ne kao blokadu).” 03:1584 (§… · provera integratora 30.09.2026 nad 1.2.1 radnim stablom (read-only grep): u 1.2.1 lanac je tipizovan: handoff/backlog.csv W0-PR7 sequence_after=W0-PR1, W0-PR8 sequence_after=W0-PR7, W0-PR9 sequence_after=W0-PR8 (H-06); check_backlog.mjs exit 0",planer (vlasnik paketa),neblokirajuće
handoff/backlog/r2/03,r2,handoff,backlog,pre-commit staging (before 2758f4e5),MED,backlog.csv,ispravljeno — potvrđeno ponovnom proverom,ispravljeno u dokumentaciji; pojedinačno potvrđeno ponovnom proverom,"ponovna provera 30.09.2026 nad tekstom 2758f4e5: docs/handoff/backlog.csv:112 `W8-PR3,W8,G3,IM approve token tok + pairing persistencija (samo Telegram) + MIG-06/08,W1-PR14,...` (depends_on = W1-PR14); docs/handoff/03-BACKLOG.md:184 tabela `| W8-PR3 | G3 | ... | W1-PR14 | AT-25; AT-27 deo (MIG-08 pairing) |`; kartica 03-BACKLOG.md:1445 `**Zavisi od:** W1-PR14 · **Kapija:** DQ-07`; napomena MIG-08 zadržana (red 1450). Usklađeno sa Delivery §3 (`W1-PR14 ──► merge-preduslov MIG-08 ... (G3: W8-PR3)`) i 03-BACKLOG.md:268. · provera integratora 30.09.2026 nad 1.2.1 radnim stablom (read-only grep): u 1.2.1 ivica je tipizovana kao merge-preduslov: handoff/backlog.csv W8-PR3 merge_gates „…;W1-PR14”, 03-BACKLOG.md:1909 „W8-PR3 | W1-PR14 | — | W1-PR14 → `merge_gates`” (Delivery §3 „merge-preduslov”, H-06)",planer (vlasnik paketa),neblokirajuće
handoff/backlog/r2/04,r2,handoff,backlog,pre-commit staging (before 2758f4e5),MED,backlog.csv,ispravljeno — potvrđeno ponovnom proverom,ispravljeno u dokumentaciji; pojedinačno potvrđeno ponovnom proverom,"ponovna provera 30.09.2026 nad tekstom 2758f4e5: backlog.csv:32 W1-PR6 at_ids `AT-08; AT-12 deo (BLOCKED_APPROVAL trajno); AT-27 deo (MIG-02)`; :36 W1-PR10 `AT-23 deo; AT-27 deo (MIG-02)`; :37 W1-PR11 `AT-23 (G2 autoritativan); AT-27 deo (MIG-02; MIG-08)`. 03-BACKLOG.md tabela W1 redovi 71/75/76 nose iste vrednosti; kartice (697+/733+/742+) `**AT:** AT-08; AT-12 deo ...; AT-27 deo (MIG-02)`, `**AT:** AT-23 deo; AT-27 deo (MIG-02)`, `**AT:** AT-23 (G2 autoritativan); AT-27 deo (MIG-02; MIG-08)`. · provera integratora 30.09.2026 nad 1.2.1 radnim stablom (read-only grep): handoff/backlog.csv W1-PR6 at_ids „…; AT-27 deo (MIG-02)”, W1-PR10 „AT-23 deo; AT-27 deo (MIG-02)”, W1-PR11 „AT-23 (G2 autoritativan); AT-27 deo (MIG-02; MIG-08)”",planer (vlasnik paketa),neblokirajuće
handoff/backlog/r2/05,r2,handoff,backlog,pre-commit staging (before 2758f4e5),LOW,03-BACKLOG.md,nije potvrđeno,LOW krugova provere predaje nije poslat popravljaču i nije pojedinačno proveren; nije potvrđeno ni da važi ni da je ispravljen,"all-fixer-reports.json › fix:03-BACKLOG.md:r2 postoji za isti fajl i krug, ali navodi samo HIGH/MED stavke (izveštaj navodi 1 primenjenih); nijedan izveštaj kruga handoff ne obrađuje LOW","planer (vlasnik paketa); trijaža: tech lead · rok: pre prvog doc-only PR-a koji menja 03-BACKLOG.md, najkasnije pre G1-EXIT",neblokirajuće
handoff/backlog/r2/06,r2,handoff,backlog,pre-commit staging (before 2758f4e5),LOW,03-BACKLOG.md,nije potvrđeno,LOW krugova provere predaje nije poslat popravljaču i nije pojedinačno proveren; nije potvrđeno ni da važi ni da je ispravljen,"all-fixer-reports.json › fix:03-BACKLOG.md:r2 postoji za isti fajl i krug, ali navodi samo HIGH/MED stavke (izveštaj navodi 1 primenjenih); nijedan izveštaj kruga handoff ne obrađuje LOW","planer (vlasnik paketa); trijaža: tech lead · rok: pre prvog doc-only PR-a koji menja 03-BACKLOG.md, najkasnije pre G1-EXIT",neblokirajuće
handoff/backlog/r2/07,r2,handoff,backlog,pre-commit staging (before 2758f4e5),LOW,03-BACKLOG.md,nije potvrđeno,LOW krugova provere predaje nije poslat popravljaču i nije pojedinačno proveren; nije potvrđeno ni da važi ni da je ispravljen,"all-fixer-reports.json › fix:03-BACKLOG.md:r2 postoji za isti fajl i krug, ali navodi samo HIGH/MED stavke (izveštaj navodi 1 primenjenih); nijedan izveštaj kruga handoff ne obrađuje LOW","planer (vlasnik paketa); trijaža: tech lead · rok: pre prvog doc-only PR-a koji menja 03-BACKLOG.md, najkasnije pre G1-EXIT",neblokirajuće
handoff/backlog/r2/08,r2,handoff,backlog,pre-commit staging (before 2758f4e5),LOW,backlog.csv,nije potvrđeno,LOW krugova provere predaje nije poslat popravljaču i nije pojedinačno proveren; nije potvrđeno ni da važi ni da je ispravljen,"all-fixer-reports.json › fix:backlog.csv:r2 postoji za isti fajl i krug, ali navodi samo HIGH/MED stavke (izveštaj navodi 2 primenjenih); nijedan izveštaj kruga handoff ne obrađuje LOW","planer (vlasnik paketa); trijaža: tech lead · rok: pre prvog doc-only PR-a koji menja backlog.csv, najkasnije pre G1-EXIT",neblokirajuće
handoff/backlog/r2/09,r2,handoff,backlog,pre-commit staging (before 2758f4e5),LOW,03-BACKLOG.md,nije potvrđeno,LOW krugova provere predaje nije poslat popravljaču i nije pojedinačno proveren; nije potvrđeno ni da važi ni da je ispravljen,"all-fixer-reports.json › fix:03-BACKLOG.md:r2 postoji za isti fajl i krug, ali navodi samo HIGH/MED stavke (izveštaj navodi 1 primenjenih); nijedan izveštaj kruga handoff ne obrađuje LOW","planer (vlasnik paketa); trijaža: tech lead · rok: pre prvog doc-only PR-a koji menja 03-BACKLOG.md, najkasnije pre G1-EXIT",neblokirajuće
handoff/backlog/r2/10,r2,handoff,backlog,pre-commit staging (before 2758f4e5),LOW,03-BACKLOG.md,nije potvrđeno,LOW krugova provere predaje nije poslat popravljaču i nije pojedinačno proveren; nije potvrđeno ni da važi ni da je ispravljen,"all-fixer-reports.json › fix:03-BACKLOG.md:r2 postoji za isti fajl i krug, ali navodi samo HIGH/MED stavke (izveštaj navodi 1 primenjenih); nijedan izveštaj kruga handoff ne obrađuje LOW","planer (vlasnik paketa); trijaža: tech lead · rok: pre prvog doc-only PR-a koji menja 03-BACKLOG.md, najkasnije pre G1-EXIT",neblokirajuće
handoff/commands/r2/01,r2,handoff,commands,pre-commit staging (before 2758f4e5),HIGH,01-ONBOARDING-DEV-ENV.md,ispravljeno — potvrđeno ponovnom proverom,ispravljeno u dokumentaciji; pojedinačno potvrđeno ponovnom proverom,"ponovna provera 30.09.2026 nad tekstom 2758f4e5: 01:173-182: „… live provera 27.09.2026 našla je `marolinik/waggle-os` **public** (DP-0.13; F-REL-08 u release-oss.md: `gh api` → `private:false`, neautentifikovani `curl` → HTTP 200) — NALAZ AUDITA — ZA PROVERU (DQ-02). … Ako je live stanje tačno, za klon iz gornjeg recepta ne treba poseban pristup. Otvoreno je nešto drugo: `push -u origin integration/waggle-next` i push `<wave-id>/*` grana traže write prava … **Pitanje za osnivača:** kako untracked paket ulazi u repo … i ko timu daje push (write) prava i kako.” Pristupno pitanje je preformulisano na wr… · provera integratora 30.09.2026 nad 1.2.1 radnim stablom (read-only grep): handoff/01-ONBOARDING-DEV-ENV.md:216–217 (isto kao handoff/consistency/r2/01); push/remote pitanje preneto u H-01 (00 §6 (n), TSA-09)",planer (vlasnik paketa),neblokirajuće
handoff/commands/r2/02,r2,handoff,commands,pre-commit staging (before 2758f4e5),HIGH,00-START-HERE.md,ispravljeno — potvrđeno ponovnom proverom,ispravljeno u dokumentaciji; pojedinačno potvrđeno ponovnom proverom,"ponovna provera 30.09.2026 nad tekstom 2758f4e5: Izabrana je prva opcija iz predloga (uklonjena dozvola pre odobrenja iz 00). 00-START-HERE.md:58 „pre odobrenja: nigde” sa oznakom „PREDLOG ovog handoff-a ... founder ga potvrđuje ili daje izuzetak kroz pitanje (o)”; 00:59 navodi i mrežni rizik: „`npm ci` i 6 package-install runtime testova iz lokalnog root suite-a pokreću `npm install` preko mreže (01 §6.3; komentar `ci.yml:88-90`)”. 00 §3 napomena o repro skriptama (00:111) više ne zavisi od „klona iz §2”: „Pokretanje: tek posle founder odobrenja plana (§2) ... U kopiji `DIST` usmeriti na `packages/ag… · provera integratora 30.09.2026 nad 1.2.1 radnim stablom (read-only grep): handoff/00-START-HERE.md:48 (isto pravilo „Ne, nigde”); :56 mrežni `npm install` u 6 package-install testova; :99 repro skripte posle odobrenja",planer (vlasnik paketa),neblokirajuće
handoff/commands/r2/03,r2,handoff,commands,pre-commit staging (before 2758f4e5),HIGH,04-CODEBASE-MAP.md,ispravljeno — potvrđeno ponovnom proverom,ispravljeno u dokumentaciji; pojedinačno potvrđeno ponovnom proverom,"ponovna provera 30.09.2026 nad tekstom 2758f4e5: docs/handoff/04-CODEBASE-MAP.md (working tree == 2758f4e5, git diff prazan), §13: l.489 'Primeri obrazaca ... su u **ERE** sintaksi ..., pa ih pokreći samo kroz `git grep -nE` ili `rg`, nikad kroz goli `git grep -n`'; l.498 t.3 'git grep -nE '<obrazac>' 2af0904df01ca3d374cc78ba95b60dc579dd6a7a -- ...' plus objašnjenje BRE; l.499 t.4(a) 'git grep -nE 'imeSimbola'' (ili -nw) i 'Nula važi samo ako je obrazac pokrenut sa -E'; t.4(b) 'git grep -nE ""from '.*/<fajl-bez-ekstenzije>(\.js)?'""'. Ponovna provera nad 2af0904d: obrazac workflow-harness sa -nE = 5 p… · ponovo pročitao urednik grupe „risks” 1.2.1",planer (vlasnik paketa),neblokirajuće
handoff/commands/r2/04,r2,handoff,commands,pre-commit staging (before 2758f4e5),MED,01-ONBOARDING-DEV-ENV.md,ispravljeno — potvrđeno ponovnom proverom,ispravljeno u dokumentaciji; pojedinačno potvrđeno ponovnom proverom,"ponovna provera 30.09.2026 nad tekstom 2758f4e5: 01 §9.3 korak 1 lista sada uključuje „'HIVE_MIND_DATA_DIR','WAGGLE_SKIP_LITELLM','WAGGLE_SIGNAL_EMIT','EMBEDDING_PROVIDER', 'WAGGLE_INSTANCE_ID','WAGGLE_READY_FILE','WAGGLE_DESKTOP_BOOTSTRAP_TOKEN'” + `*_API_KEY`; objašnjenje „Sidecar čita `WAGGLE_INSTANCE_ID` … (`service.ts:211-213`) … 403 `DESKTOP_BOOTSTRAP_REQUIRED` (`local/index.ts:519-522`…)”. §9.4: „if (Test-Path Env:WAGGLE_E2E_SOLO_ONBOARDING) …” i „if ($env:WAGGLE_E2E_SKIP_LITELLM -eq '0') …” + „`WAGGLE_E2E_SKIP_LITELLM` mora biti unset ili bilo šta osim `'0'` … (`playwright.config.ts:56`, `:114… · ponovo pročitao urednik grupe „onboarding” 1.2.1",planer (vlasnik paketa),neblokirajuće
handoff/commands/r2/05,r2,handoff,commands,pre-commit staging (before 2758f4e5),MED,03-BACKLOG.md,ispravljeno — potvrđeno ponovnom proverom,ispravljeno u dokumentaciji; pojedinačno potvrđeno ponovnom proverom,"ponovna provera 30.09.2026 nad tekstom 2758f4e5: 03-BACKLOG.md:27 (DoD): „tiket koji dira `apps/web/**` zeleni i `npm run typecheck:web` · `npm run test -w apps/web`, jer root `vitest.config.ts:43` isključuje `apps/**` i četiri gate-a ne pokreću web RED/GREEN testove (POTVRĐENO NA REVIZIJI); ostale dopunske provere ... su u 02-WORKING-AGREEMENT.md §6.3”. 03:288 (§3 zajednički uslovi): „Tiketi koji diraju `apps/web/**` (po karticama: W0-PR9 `EvolutionTab.tsx`, W0-PR12, W0-PR16, W0-PR17) uz četiri gate-a pokreću i `npm run typecheck:web` i `npm run test -w apps/web`. ... Bez ove dve komande „gates zelen… · provera integratora 30.09.2026 nad 1.2.1 radnim stablom (read-only grep): handoff/03-BACKLOG.md:32 DoD i :334 „Tiketi koji diraju `apps/web/**` … uz četiri gate-a pokreću i `npm run typecheck:web` i `npm run test -w apps/web`”",planer (vlasnik paketa),neblokirajuće
handoff/commands/r2/06,r2,handoff,commands,pre-commit staging (before 2758f4e5),LOW,02-WORKING-AGREEMENT.md,nije potvrđeno,LOW krugova provere predaje nije poslat popravljaču i nije pojedinačno proveren; nije potvrđeno ni da važi ni da je ispravljen,"all-fixer-reports.json › fix:02-WORKING-AGREEMENT.md:r2 postoji za isti fajl i krug, ali navodi samo HIGH/MED stavke (izveštaj navodi 2 primenjenih); nijedan izveštaj kruga handoff ne obrađuje LOW","planer (vlasnik paketa); trijaža: tech lead · rok: pre prvog doc-only PR-a koji menja 02-WORKING-AGREEMENT.md, najkasnije pre G1-EXIT",neblokirajuće
handoff/commands/r2/07,r2,handoff,commands,pre-commit staging (before 2758f4e5),LOW,02-WORKING-AGREEMENT.md,nije potvrđeno,LOW krugova provere predaje nije poslat popravljaču i nije pojedinačno proveren; nije potvrđeno ni da važi ni da je ispravljen,"all-fixer-reports.json › fix:02-WORKING-AGREEMENT.md:r2 postoji za isti fajl i krug, ali navodi samo HIGH/MED stavke (izveštaj navodi 2 primenjenih); nijedan izveštaj kruga handoff ne obrađuje LOW","planer (vlasnik paketa); trijaža: tech lead · rok: pre prvog doc-only PR-a koji menja 02-WORKING-AGREEMENT.md, najkasnije pre G1-EXIT",neblokirajuće
handoff/commands/r2/08,r2,handoff,commands,pre-commit staging (before 2758f4e5),LOW,02-WORKING-AGREEMENT.md,nije potvrđeno,LOW krugova provere predaje nije poslat popravljaču i nije pojedinačno proveren; nije potvrđeno ni da važi ni da je ispravljen,"all-fixer-reports.json › fix:02-WORKING-AGREEMENT.md:r2 postoji za isti fajl i krug, ali navodi samo HIGH/MED stavke (izveštaj navodi 2 primenjenih); nijedan izveštaj kruga handoff ne obrađuje LOW","planer (vlasnik paketa); trijaža: tech lead · rok: pre prvog doc-only PR-a koji menja 02-WORKING-AGREEMENT.md, najkasnije pre G1-EXIT",neblokirajuće
handoff/commands/r2/09,r2,handoff,commands,pre-commit staging (before 2758f4e5),LOW,02-WORKING-AGREEMENT.md,nije potvrđeno,LOW krugova provere predaje nije poslat popravljaču i nije pojedinačno proveren; nije potvrđeno ni da važi ni da je ispravljen,"all-fixer-reports.json › fix:02-WORKING-AGREEMENT.md:r2 postoji za isti fajl i krug, ali navodi samo HIGH/MED stavke (izveštaj navodi 2 primenjenih); nijedan izveštaj kruga handoff ne obrađuje LOW","planer (vlasnik paketa); trijaža: tech lead · rok: pre prvog doc-only PR-a koji menja 02-WORKING-AGREEMENT.md, najkasnije pre G1-EXIT",neblokirajuće
handoff/commands/r2/10,r2,handoff,commands,pre-commit staging (before 2758f4e5),LOW,02-WORKING-AGREEMENT.md,nije potvrđeno,LOW krugova provere predaje nije poslat popravljaču i nije pojedinačno proveren; nije potvrđeno ni da važi ni da je ispravljen,"all-fixer-reports.json › fix:02-WORKING-AGREEMENT.md:r2 postoji za isti fajl i krug, ali navodi samo HIGH/MED stavke (izveštaj navodi 2 primenjenih); nijedan izveštaj kruga handoff ne obrađuje LOW","planer (vlasnik paketa); trijaža: tech lead · rok: pre prvog doc-only PR-a koji menja 02-WORKING-AGREEMENT.md, najkasnije pre G1-EXIT",neblokirajuće
handoff/commands/r2/11,r2,handoff,commands,pre-commit staging (before 2758f4e5),LOW,PULL_REQUEST_TEMPLATE.md,ispravljeno — potvrđeno ponovnom proverom,"PR šablon vezuje revocations.json za G2 (W1-PR15), pa se ne čita kao postojeći fajl; izveštaj popravljača ne postoji, provera je pojedinačna",provera H-03 30.09.2026 nad 2758f4e5: handoff/templates/PULL_REQUEST_TEMPLATE.md:92 „od G2: Klasa B uz `erased_subjects` i `revocations.json`”; provera integratora 30.09.2026 nad 1.2.1 radnim stablom (read-only grep): isti tekst na :96,planer (vlasnik paketa),neblokirajuće
